"code","lambdaZ_hat_T","lambdaZ_lo_T","lambdaZ_hi_T"
0,0.00226486615728524,0.000907149765288864,0.0102104332590721
1,0.00217844668525621,0.000909961803811155,0.00893493049196956
2,0.00206653692348861,0.000914098980553529,0.0102752312246785
3,0.00200247226550349,0.000915752586184358,0.00977682921098155
4,0.00217762133694234,0.000917321323618676,0.0101154099482119
5,0.00212905025972947,0.000904810366819676,0.0099589747344969
6,0.00202313470873478,0.0009182821664369,0.00995050914081148
7,0.00198630628317829,0.000919659719205687,0.00996196012748579
8,0.00216586331672434,0.000907928748238094,0.0100240280626114
9,0.0021073884190832,0.000909949655818918,0.00974347122590832
10,0.00199782108186602,0.000906664330890177,0.00981770976169841
11,0.00194500844441026,0.000912252988384883,0.00939310534592032
12,0.00213010469313202,0.000909605369347515,0.0104715820111932
13,0.00209613215486404,0.000905485797765462,0.00992181060195536
14,0.00198375952757674,0.000910691409297978,0.0104540900085418
15,0.00194897560478841,0.000913871040572775,0.0100379776026609
16,0.0024452666147102,0.00091534533546206,0.010462105251112
17,0.00235253825023251,0.00091032152591258,0.0102109823125533
18,0.00225502868241348,0.000924835974150905,0.0102707091142138
19,0.00218607398188138,0.000917126718421523,0.00995489729037129
20,0.00231963951150096,0.00090957281207274,0.0114166575068366
21,0.0022723734296908,0.000910296596523356,0.0104693049257264
22,0.00219135591053056,0.000924113853835056,0.0102365252573156
23,0.00215643019152014,0.000913064123999226,0.0098724311158184
24,0.00231642452069381,0.000904465368608403,0.0111329883546481
25,0.00225219167259668,0.00091674448796951,0.0107816033112509
26,0.00217447915236541,0.00092068256250604,0.0109576728225371
27,0.00211348507474261,0.000910378794647193,0.0103537543704593
28,0.00224539369137212,0.00091054465089054,0.0113313969734351
29,0.00220910321758311,0.000907491945492585,0.010492658800696
30,0.00214120604008422,0.000916399305436866,0.0109291752924365
31,0.00210227024341087,0.000915327919722037,0.0102312852768902
32,0.00211796530283868,0.000904542010287421,0.0119245776141406
33,0.00204814945660757,0.00091384270008901,0.0104598744625245
34,0.00195316396997733,0.000911694458049106,0.0108552905537168
35,0.00190032901345664,0.00091283979944843,0.0101591479140854
36,0.00205765107005865,0.000916347459242377,0.0105149402336869
37,0.0020227682852168,0.000915445623669081,0.0109951515233158
38,0.00192879417856829,0.000928729330038488,0.010983117019205
39,0.00189983144312546,0.000925868173298949,0.0102303930752157
40,0.00203037333922792,0.000913313420524991,0.0105328792021356
41,0.00198835768195759,0.000907466961728409,0.00961841528717533
42,0.00189623011393341,0.000913410997691314,0.010398478302322
43,0.00185711262716501,0.000920727637243545,0.00996883821179436
44,0.00200807915710903,0.000924087142266834,0.0103234012346005
45,0.001985023807081,0.000906386158325286,0.0100468054103015
46,0.00189387134003312,0.000917667083136471,0.0101268177856069
47,0.00186683206808987,0.000912957636612385,0.00990831500316217
48,0.00228649012771113,0.000909902933694364,0.0105637991375219
49,0.00222125975680545,0.000907855155884318,0.0106655566994696
50,0.00213667382300951,0.000918394782631205,0.0101954410320824
51,0.00208536991149303,0.000917104547274039,0.0101146883152805
52,0.00220099632021751,0.00091757296734446,0.00996892328064699
53,0.00217532562682194,0.000910492621178307,0.0102344615185574
54,0.00210265034783458,0.000931559319398592,0.0106022212111388
55,0.00207885786576343,0.000923336195236038,0.010514356947655
56,0.00218382203332397,0.000920455266760285,0.0108499560219238
57,0.00214627810545666,0.000913279741514062,0.0103728421672242
58,0.00207673322638936,0.000922157724238635,0.0105017909814847
59,0.00203537852131556,0.000916232284392589,0.00941460181544847
60,0.00213715257746369,0.00090826400253339,0.0101082262399956
61,0.00211981472130579,0.00091517088912105,0.0107085989515805
62,0.0020645059262447,0.000921851786437155,0.00968453378452659
63,0.00203701484623785,0.000921076929044319,0.0102119318919052
64,0.00213715295773758,0.000915627738176513,0.0103438264593234
65,0.00209701737712872,0.000911175065792525,0.00999373711995074
66,0.00196799665161079,0.000919361643498279,0.011019359876675
67,0.00194379233633672,0.000920368670426828,0.0104594213345774
68,0.00207561140792461,0.000913939571019023,0.0108797286880361
69,0.00205796202357902,0.000918245412709388,0.0104149087367567
70,0.0019419998584944,0.000923447544068206,0.0110112481676958
71,0.00193279640084988,0.000921727220637678,0.010585211280379
72,0.00203078449288418,0.000910678185433861,0.010384026698282
73,0.00201798316918364,0.000908825619290437,0.0103605400492595
74,0.00188167448538742,0.000908808689950209,0.0103715972059442
75,0.00187135949610776,0.000913016148015677,0.0101462378421264
76,0.00200595223673483,0.000909613201395576,0.0105257291544901
77,0.00200648006178011,0.00090533342353969,0.010316973839963
78,0.00187592912760509,0.000917823372086747,0.010506789291711
79,0.00187494819548205,0.000916662611920597,0.0106309994361825
80,0.0022887742567723,0.000907489763709031,0.0111080793746647
81,0.0022450765293721,0.00090114961435692,0.0104620947851866
82,0.0021268868743953,0.000914948788857115,0.0116254849268282
83,0.00210158308055317,0.000917851102566428,0.0111228161503586
84,0.00218460117925863,0.000914141857594095,0.0111304225038562
85,0.00217033773012756,0.000905749827521272,0.0109289562054618
86,0.00207547921093202,0.000918738874801667,0.0122886579491441
87,0.00207107355204185,0.000918805160798222,0.0112323755575814
88,0.00215736874326923,0.000901566064797477,0.0107993325891322
89,0.00214248705076301,0.000907798587176856,0.0109184154726991
90,0.00203086062864624,0.000915613809362011,0.0111211863991932
91,0.00201824658113037,0.000918221136110522,0.0111026838967128
92,0.00209468769460908,0.000919190292470654,0.0116190596153863
93,0.00209635727724281,0.00090614044085002,0.0106473659200591
94,0.0020022650022157,0.000925535288296447,0.0112473740133086
95,0.00200241293147387,0.000921806932404692,0.0107086341442291
96,0.00203687312745465,0.000911455241657151,0.0109489322623065
97,0.00200545379896803,0.000913368052228728,0.0104810951498844
98,0.00188834712595257,0.000919187086756376,0.0114667049010355
99,0.00187057223747581,0.000927427028326122,0.0109679515959465
100,0.00200033828542955,0.000908334946790552,0.0109318089980606
101,0.0019926249304818,0.000923262637331493,0.0102274704852017
102,0.00188187651572041,0.000926438355472916,0.0106102431883462
103,0.00188024470711765,0.000923290128792122,0.0117053557551229
104,0.00194072042243203,0.000908969212955195,0.0115964846992598
105,0.00193768871841139,0.000908089174678212,0.0101135286279662
106,0.00181519184612581,0.000913598043688836,0.0103062705475726
107,0.00181439109343549,0.000912436996317962,0.0106356519958484
108,0.00193236764149885,0.000910942507639565,0.0108568847490438
109,0.00193969898074012,0.000902568632037418,0.0107593848117784
110,0.00182483181848482,0.000914921550992826,0.0108084496030541
111,0.00183066077447321,0.000902721296852034,0.0104473669215825
112,0.0021877871852202,0.000906980310390798,0.010556456711597
113,0.00216125244854189,0.000911502936787144,0.0105022200737314
114,0.00205138083511528,0.000920901963930141,0.0106183864495362
115,0.00203754786936447,0.000918961775721741,0.0113288903542245
116,0.00211751671594048,0.000917534021192228,0.0116124243548634
117,0.00211946650346446,0.000909694256552698,0.0110454285358508
118,0.00202727099340843,0.000932984667654236,0.0115011557499981
119,0.00203313452626903,0.000918938427528236,0.0105523110439307
120,0.00207914706534513,0.000913789166542953,0.0110477674939167
121,0.00208341470441181,0.000908374925093677,0.0105760155175891
122,0.00197662783410114,0.000913214415953268,0.0108101034924932
123,0.00197930231337316,0.00091025677876051,0.0103665354657524
124,0.0020401451749603,0.000933295724435138,0.0105387407223182
125,0.00205646930525534,0.00090521071974416,0.0102266657913294
126,0.00197029440170525,0.000921364465657547,0.0101535382297398
127,0.0019815044029403,0.000914458431921916,0.0113759182899345
128,0.00206552175052484,0.00090147595862665,0.0110679817223352
129,0.00197973075998702,0.000916127525856208,0.0101147621509105
130,0.00191426607682043,0.00090478203985892,0.010300915029082
131,0.00184296091518473,0.000906054649502435,0.0102917751274332
132,0.00198585184098083,0.000912217934159567,0.0100261080027888
133,0.00193035200666016,0.000912163929951993,0.00932866267990574
134,0.00186736094955087,0.000913548385054198,0.00992195939707551
135,0.0018164623085759,0.000920587010707845,0.0104098610836572
136,0.00199797570204404,0.000898351012360114,0.0108553623139436
137,0.00192929008891722,0.00090520040035036,0.00963791164350411
138,0.00187598862249186,0.000903914402219218,0.0105268845109276
139,0.00180683000247896,0.00089912358388268,0.0100052247351028
140,0.00194975738784129,0.000908630092564477,0.0108809112731452
141,0.00189900167696611,0.000905680577318339,0.0100390729412188
142,0.00184360793402483,0.000916875174459515,0.0101860288709796
143,0.00178679878037249,0.000923335800226468,0.00930751860868206
144,0.00225305805799724,0.000901905894949252,0.0109571225516196
145,0.00216015757775367,0.000904670309314712,0.0103776912943688
146,0.0021159459051851,0.000911308677044007,0.0104888980029549
147,0.00203732358630921,0.000903027951968366,0.0101224580978524
148,0.0021461522245632,0.00091402030760182,0.0108510386242725
149,0.00209196931254683,0.000916392090089606,0.0106240952737976
150,0.00205359124512963,0.000918388214146165,0.0107923584746582
151,0.00200211224038037,0.000923580404448458,0.0103202458461587
152,0.00216200909743307,0.000910907490612334,0.0113872460964347
153,0.00208323825497274,0.000908485138315176,0.0105579504484589
154,0.00207100413389857,0.000906363561040299,0.0103439603668424
155,0.00198814198715402,0.000903987310259969,0.00962734932346736
156,0.00209025984314049,0.00090713226689727,0.0117269290432043
157,0.00203405751618179,0.000911803944158873,0.0104689240769155
158,0.00202441067203004,0.000926379632085572,0.0105443754589141
159,0.00195832294308971,0.000914043522615379,0.010254253469463
160,0.00196545170895656,0.000910278229592657,0.0109227452957852
161,0.00189497574515666,0.000916442839248938,0.0128065207464133
162,0.00183640237512212,0.000915243533626029,0.0117747452365289
163,0.00177779597513964,0.000912483594270917,0.010445910604821
164,0.00190853622882677,0.000915765102586145,0.0106802179185912
165,0.00186963209075141,0.000924119367120323,0.00995319076530929
166,0.00180563809346016,0.000928876579183695,0.00993189300127187
167,0.00176761904328189,0.000925959811703968,0.0108869775838348
168,0.00189534431249961,0.000902261233333397,0.0109620397626824
169,0.00184270515486427,0.000906158170738704,0.0103966724556087
170,0.00179630868985516,0.000913478497940691,0.0103605876766198
171,0.00174305890502572,0.00090811563520071,0.0110133481351322
172,0.00185992926853205,0.000913304141704316,0.0100339068182337
173,0.00182374527236672,0.000915465378514311,0.0103621258013888
174,0.00177533668307704,0.000918416787515343,0.0106730686787229
175,0.00173192775322687,0.000919950496617176,0.0102529410669445
176,0.00214989275075495,0.00090419761704413,0.0099495023050589
177,0.00208331383349868,0.000905999688469386,0.0104979967290628
178,0.00203841132822185,0.000907179498329534,0.0105299638167047
179,0.00198019003706654,0.000908032458936229,0.0115787757171824
180,0.00207730236143327,0.000918448587720339,0.00964273096261233
181,0.00204907867450433,0.000918589472671339,0.0104021560723529
182,0.00200225974006066,0.000926568665662879,0.0104281452439695
183,0.00196941884486351,0.000915440520295229,0.0103849384867927
184,0.00206419418819913,0.000898970125786816,0.0109729833366461
185,0.00201206371278139,0.000909074641666326,0.010792613144347
186,0.00199512707745015,0.000906495535883116,0.0108798748447132
187,0.00193554129879978,0.000907888416618119,0.0105286322294667
188,0.00201462321946035,0.000917643014289494,0.0105776243561882
189,0.00198224077444474,0.000913078331202562,0.0101521787824243
190,0.00196874087966297,0.000921410859216538,0.0105084901455386
191,0.00192194280046608,0.000917349342519208,0.0100556712040923
192,0.00197794374847697,0.000916389039104385,0.0107951486582241
193,0.00192816078163586,0.000921168369472481,0.0106083644344339
194,0.00184078860067477,0.000916912903092148,0.0106006842944537
195,0.00180325041237643,0.000917189645103964,0.0108836132970714
196,0.0019107701437839,0.000918927070725697,0.0105704194766272
197,0.00187980744419601,0.000919016961962729,0.0103010384177904
198,0.00180149767991883,0.00093523320411293,0.0105392788091677
199,0.00177540290482657,0.000922618262670243,0.0109727775487515
200,0.00189329307330765,0.000907274292132161,0.0107170819946351
201,0.00186533543031426,0.000905281754636959,0.0103434035293439
202,0.00177868018890443,0.000913229280153549,0.0102527533445339
203,0.00174967843943683,0.000913198275639678,0.0109814877360623
204,0.00184908051815511,0.000907179283436588,0.0108698098362205
205,0.00183015634682899,0.000915839744670988,0.00992870771859764
206,0.00174931234555381,0.000922384459137455,0.0100012064750609
207,0.00172578049911739,0.000916615258186397,0.00997222289861992
208,0.00214124974251103,0.000915664959284709,0.0107239744963479
209,0.00208376192181748,0.000901618027031763,0.0108313677129014
210,0.00201557836452836,0.000915880645845922,0.0124794272876278
211,0.00197256686046126,0.000918009436913567,0.0120757366631583
212,0.00204135615658449,0.000909547218779459,0.0116902806528107
213,0.00201140455177403,0.000907896562385973,0.010997302528568
214,0.00195633257893077,0.000924392842598174,0.0115222335386866
215,0.00193124435879225,0.000920080992874817,0.010615890133195
216,0.002034161843606,0.000912045748065354,0.0131530606581089
217,0.00199741860375034,0.000910572514887104,0.0108178052401634
218,0.00194546244221553,0.000911009121304069,0.0108166118883985
219,0.00190741650387317,0.000914563711065489,0.0107485085844497
220,0.00196313414400735,0.000911316682632745,0.0110837958687342
221,0.00194066659441251,0.000912870519676336,0.0104649295398969
222,0.00189921986488882,0.000926624022985137,0.0106048025744145
223,0.00187098665642436,0.000917595535406923,0.010767766108909
224,0.00191317302758695,0.000914295256784613,0.0123387203619503
225,0.00186859787252404,0.000916875017911491,0.0119052987063024
226,0.00178978297763839,0.000919208891245422,0.012828730534096
227,0.00175728923428107,0.000915517151304134,0.0111547558002077
228,0.00186658787678487,0.000917425695510697,0.0114668852660881
229,0.0018453684150562,0.000918427777148745,0.0119019621237649
230,0.00176698286209478,0.000921709983729416,0.0110836353762387
231,0.00174968600631539,0.000918505816462326,0.0108383537935911
232,0.00182623780865224,0.000918482746332956,0.0105211284896413
233,0.00180536847760241,0.00091279173850216,0.0107597383539268
234,0.00172847454020399,0.000907141459675079,0.0117980276794479
235,0.00170846389004256,0.00091113586168316,0.010438708622882
236,0.00179700272594921,0.000912623507081302,0.0118680776947576
237,0.00178567116162577,0.000914532824039956,0.0109684956674661
238,0.00171349779248391,0.000920675267828798,0.00998434790711755
239,0.00169897158291685,0.000923309204235526,0.0118356118389619
240,0.0020830442176417,0.000908527368073283,0.0109088079677651
241,0.00203889206769033,0.000907594739488919,0.0116156132525543
242,0.00197297819654045,0.000915979016005382,0.0115749042867339
243,0.00194066516977682,0.000915208478130853,0.0124994250286293
244,0.00201181840344938,0.000913716987248749,0.0104066467049951
245,0.0019986139769587,0.000908651854672388,0.0107874516338413
246,0.00193813874340478,0.00092666445506466,0.0112424933883982
247,0.00192616407764008,0.000912665193109525,0.0117321528294039
248,0.00198047720739393,0.000913939002267575,0.0120487566507341
249,0.00195969179009759,0.000910821427966852,0.0110167604654757
250,0.00190744754043927,0.00091265035304848,0.0108106555443907
251,0.00188448427155174,0.000915162503754388,0.0119686070684553
252,0.00193085933688858,0.000916948928949583,0.0119488504549786
253,0.0019239512414248,0.000908688629942134,0.0109329820301717
254,0.00188252203833676,0.000929868823730344,0.0102972392942951
255,0.00186848416126957,0.00093128237210922,0.0101119270262047
256,0.00228661561756157,0.000888634487653268,0.0106773196844255
257,0.00218169115162707,0.000891484155490761,0.00990881631251765
258,0.00207871179553158,0.000912282095802082,0.0104676973386002
259,0.00199505043010939,0.000911386325124116,0.0102081549369232
260,0.00218267463885783,0.000906742692045668,0.0101221336696108
261,0.0021197569286725,0.000908513920467171,0.0102186538213844
262,0.00202618755715742,0.000920425393956024,0.0102471070191644
263,0.00197221814198942,0.000913429716208143,0.0106600650839646
264,0.00217983733279388,0.000901264664049906,0.0106983590248227
265,0.00211483828729936,0.000907111732188725,0.0100419578873748
266,0.00200605319062303,0.000907950286891448,0.00993229686199576
267,0.00194427929413698,0.000902407058744879,0.0100216595995533
268,0.00213352803654503,0.000908732677802349,0.0110692950168139
269,0.0021001813835767,0.000898248471938088,0.00986660410083854
270,0.00198740904900348,0.000917297982243325,0.0102245771753915
271,0.00194871552102938,0.000918938600221294,0.00981905646793729
272,0.00249943322739095,0.000895196067501322,0.0116437571274973
273,0.0023664526715901,0.000907106800876127,0.0100854092428687
274,0.00228515064671473,0.000913489903206716,0.0106358867461484
275,0.00218037287472305,0.000903563971049109,0.0116544303675939
276,0.00233320846845491,0.000915338337564797,0.0115920723774911
277,0.00225223248999168,0.000905945687046801,0.0106846882411036
278,0.0021910177531166,0.00092013479079011,0.0115209913679938
279,0.00212459642824934,0.000910205648847401,0.0107290426098938
280,0.00235256159011698,0.000906825501827943,0.0108708214880769
281,0.00226305356286701,0.000896441090143339,0.0104041096425393
282,0.0021956761919668,0.000910798169603632,0.0105624136642773
283,0.00211126555577937,0.000895537925975609,0.00985879748376904
284,0.00225159475282231,0.000916641019064178,0.0118671916083923
285,0.00219798392779457,0.000896957094791932,0.0105516109828999
286,0.00214076005680246,0.000918673256327932,0.0117030791785445
287,0.00208455087250124,0.000916997720712172,0.0107400214844177
288,0.00211390560469242,0.000901878558459074,0.0101442508524308
289,0.00203503336770343,0.000895748599132989,0.0113888400435215
290,0.00195333385291258,0.00092110085214179,0.0116022685283156
291,0.00189050116900092,0.000915983222678376,0.0103618490522272
292,0.00204994398247618,0.000908710467393313,0.0100071376465099
293,0.00200484526501804,0.000907607312331846,0.00995796834669252
294,0.00193030654735638,0.000923098788513435,0.0100222935337674
295,0.0018907985336772,0.000914611585812548,0.0101817305073657
296,0.00203346266779042,0.000901639402573048,0.010461357538331
297,0.00199006478937131,0.000895408760584194,0.0100277894738957
298,0.0019038967470054,0.000916534669030905,0.0102419760985663
299,0.0018615477353747,0.00090937713786417,0.0097990575742257
300,0.00201042187279137,0.000915414329317895,0.0100928634939508
301,0.00198831728899431,0.000905273599237076,0.0100448689325208
302,0.00190547643759625,0.000921140708490887,0.00988419452139841
303,0.0018774676134164,0.000913318860219097,0.00988815701060711
304,0.00229900502319048,0.000901011172305567,0.0101962099439062
305,0.00220845994203047,0.000903540527044413,0.0104113147402006
306,0.00214454920245979,0.000911176531637839,0.0102595047690514
307,0.00207088450135243,0.00091712576008058,0.0105539922123941
308,0.00219058711752004,0.000918219243982805,0.0102566224386581
309,0.0021401005338117,0.000902208973223216,0.0106281830094154
310,0.00209502297712986,0.000930471392979523,0.0102636964593717
311,0.00204970955086924,0.000917903552848184,0.0103506234915161
312,0.00219822844921635,0.00091219544253867,0.0105261183162029
313,0.00214529113048362,0.000901435428755593,0.0104299947721053
314,0.00209104871316907,0.000915685640902487,0.00997973521466342
315,0.00203536958421013,0.000901926594972191,0.0102842426158821
316,0.00213486950189378,0.000913969800112471,0.0111573062701638
317,0.00210508962946576,0.000898206980015637,0.0102042660938185
318,0.00206935932523422,0.000919578219250713,0.0104886151736219
319,0.00203074569180327,0.000911333751880347,0.00964175622450236
320,0.00214535506043571,0.000890941533225638,0.010235295319592
321,0.00209568877242944,0.000894180851387199,0.0111655482198412
322,0.00197789514061744,0.00091404534846403,0.0121392053411967
323,0.0019408582635084,0.00090470023512991,0.0120422399780824
324,0.0020803614953682,0.000903067871489716,0.0109525951474959
325,0.00205219261588553,0.000903279856132014,0.010590627200286
326,0.00195665289257832,0.000922619299699231,0.0112980734293812
327,0.00193365678932775,0.000911827663420049,0.0123330352448651
328,0.00203688828174744,0.00089849150984857,0.0106767392887502
329,0.00202254239143553,0.000892644790921891,0.0104329238076068
330,0.00188972949753226,0.000916354249990594,0.0108331557162445
331,0.0018743501055331,0.000906247144052822,0.0105221720665986
332,0.00201012168771882,0.000902302806538818,0.0113997951185267
333,0.00201080651671157,0.000896829907286893,0.0100217806601996
334,0.00188939606966359,0.000922018000929591,0.0111086671749146
335,0.00188486928726971,0.000912601724202647,0.0103692792808488
336,0.00231820733628567,0.000899660308916497,0.01059675987175
337,0.00225508404055423,0.000898893015171524,0.0116706198462665
338,0.00214793282835729,0.000908592828467918,0.0123761943351614
339,0.00210292202095469,0.000907487704486241,0.0131924246219007
340,0.00219219729494007,0.000899893873274137,0.0129314501365006
341,0.00215861835799357,0.000899210974362864,0.0111650628730106
342,0.00208402493365826,0.000919912279674013,0.0120961503458282
343,0.00205987622609445,0.000915336689028358,0.0115585240109974
344,0.00218082362874254,0.000900657737731063,0.0122926251389929
345,0.00215626818561633,0.000901985357679751,0.0110839872729884
346,0.00204978312818164,0.000913071049614746,0.0103670563527434
347,0.00202615592161418,0.000907709581047371,0.0114374725433445
348,0.00210080342909651,0.000906526005049124,0.012355662745594
349,0.0020947316444585,0.000909066904116422,0.0116217375932025
350,0.00201268427761678,0.000933221338302998,0.012193539737547
351,0.00200402278657551,0.000911895774831278,0.0112680198731023
352,0.00202920663748928,0.000902097913266439,0.011257554870057
353,0.00199898282076057,0.000898752750677938,0.0111696737830227
354,0.00189163402501354,0.000914675900894301,0.011175312431739
355,0.00187262364940992,0.000907419375431228,0.0119733215397809
356,0.00200038944790141,0.000914596159538656,0.0111788753700312
357,0.00198801158697508,0.000896474022295443,0.0111231307266149
358,0.00189899422753425,0.000918634966172764,0.0113190512067135
359,0.00189248395578775,0.000915632537180353,0.0115739278930131
360,0.00194422987958851,0.000900820208744032,0.011129399146903
361,0.00194761465455155,0.000896986980041714,0.010709520285169
362,0.00182684919293817,0.000907171811911204,0.0110920650034153
363,0.00182971807750724,0.000898960899134121,0.011912029715761
364,0.00194217110063179,0.000898453661878975,0.0108011662410579
365,0.00195333766280781,0.000893892197089328,0.01038875107445
366,0.00184929759879646,0.000921812138953188,0.0106123395114996
367,0.00185799600279441,0.00091946921965261,0.012523611854729
368,0.0021892944960163,0.00089857115694334,0.0102679624907152
369,0.00215843201701831,0.000896668546921242,0.0123730188663673
370,0.00205852674876241,0.000908726715510668,0.0114125960769385
371,0.00203962443309734,0.000903707413998329,0.0116130159372769
372,0.00211186684881741,0.000901161546693245,0.01118671898773
373,0.00210427038937062,0.000900743032508861,0.011232383305846
374,0.0020345631964905,0.000918152697398258,0.010909624435374
375,0.00203230723968506,0.000914810885544394,0.0111638584956508
376,0.00209209793499636,0.000908723523019643,0.0107930365342382
377,0.00209876280492083,0.000902549739518375,0.010521276899578
378,0.001994954621132,0.000912467604029888,0.0109481992870545
379,0.00199835018710144,0.000899630658707608,0.011421801747092
380,0.00204641467414097,0.000915069693224738,0.0120108965649236
381,0.00206262468284641,0.000904555706597661,0.0106754546317512
382,0.00199034343715651,0.000917545989243804,0.0110161441073895
383,0.00200201492353832,0.000910703344470207,0.0102797388616379
384,0.00205113539129375,0.000897505883677526,0.0098340946406636
385,0.00195034644225575,0.000913318312435741,0.00973530083189761
386,0.00190093191025304,0.000913026156476176,0.0104766421445144
387,0.00181371804604102,0.000910628844138323,0.0103717490177428
388,0.00195509547680298,0.000911682647010866,0.00985637949293982
389,0.00188863450232665,0.000915781345323483,0.00960707533175265
390,0.00184248455540297,0.000921818887642897,0.0100663551322081
391,0.00177929783608794,0.000912679414400183,0.0103253682511424
392,0.00198405815305311,0.000899017267578292,0.0111640658599783
393,0.00190669206527913,0.000907238528185413,0.0101193398826213
394,0.00186541641454215,0.000902008405884372,0.0102317027456683
395,0.00178607744010984,0.000911615333378174,0.0094669717934466
396,0.00192311593847267,0.000906214593019435,0.0106626677272412
397,0.00187133467227877,0.000899661357117707,0.0101819528761156
398,0.00182369525513478,0.000918440782682366,0.0110163312135743
399,0.00176341061583866,0.00091978254272103,0.0095803831826607
400,0.00225042683685342,0.000902020942852886,0.00993153538890892
401,0.00212776302233063,0.000904917060120313,0.0104529885298559
402,0.00210787756653925,0.000908558088396322,0.0104474026519851
403,0.00200175824773014,0.000914705821947893,0.0103126679928876
404,0.00210910120671747,0.000910996522368459,0.0106705358871406
405,0.00203012423538262,0.000905399476646699,0.00997836957050732
406,0.0020166382320021,0.000918255872575176,0.0101452121697827
407,0.00194257899707215,0.000920194622396665,0.0103126322186846
408,0.00215446557672304,0.000906452213702069,0.0109174047690804
409,0.00205486125882927,0.000910648494355753,0.0103591916428182
410,0.00206389965321127,0.000909589136261479,0.00987518547176616
411,0.00196090959087426,0.00090803296513179,0.0102618938366339
412,0.00205405150640259,0.000913358988135522,0.0113291332039005
413,0.0019848470957815,0.000913170063145852,0.0102512713914761
414,0.00199255594124432,0.000924958552224591,0.0105893095352084
415,0.00191410883831283,0.000922349327078977,0.00977441339724411
416,0.0019300028873216,0.000907795883222282,0.0110532650136083
417,0.00185069009639525,0.000907789028891662,0.0104085413487224
418,0.00181254635808957,0.000907778305186728,0.0105510998184596
419,0.00174435447045707,0.000915378644437831,0.0114994120028299
420,0.00186660894713345,0.000910279614187125,0.00981522454254366
421,0.0018180984035078,0.000915501649462896,0.0109809821669681
422,0.00177862717846146,0.000919816309637856,0.00999196666524286
423,0.00173168896304064,0.000921427026952724,0.0102683750619863
424,0.00187245489181424,0.000902728368630304,0.010077814075421
425,0.00181476889965841,0.000908102296144671,0.0108446358787079
426,0.00178420098294608,0.000911636659253467,0.0116228702954791
427,0.00172473586969441,0.000913889215173489,0.0104160396232727
428,0.00183187302142443,0.000912936300178306,0.0106095359017451
429,0.00179401552522474,0.000902046708637223,0.0102950501607046
430,0.00176086443515019,0.00092305689534354,0.00998769579860664
431,0.00171532229538629,0.000923906234164693,0.00987738880392641
432,0.00211424963795937,0.000902716102912892,0.0102783900875641
433,0.0020270263748085,0.000906408285313203,0.0117422954253383
434,0.0020126287799059,0.000907001956394178,0.0112898051536235
435,0.00193522667682794,0.000906460692285507,0.010548867483036
436,0.00202023638286863,0.000922916907947742,0.00995675999817262
437,0.00197081299222579,0.000912749474739077,0.0100861986369122
438,0.00195913011054091,0.000921948751561667,0.00994498206237317
439,0.00190853812481171,0.000917445607324842,0.00993868626890353
440,0.00204022349527246,0.000901919592828096,0.011270650794439
441,0.00197329208545685,0.000903066425126181,0.0108127861525072
442,0.00198282080911182,0.000910520482809721,0.0103867475629571
443,0.00190873389602453,0.000904872736450462,0.0100854676216656
444,0.00197205851927776,0.000908149780575847,0.0115019559290521
445,0.00192818077921577,0.000905621098518281,0.0105505299350183
446,0.00194142694909688,0.00092001126319251,0.0100087338823901
447,0.00188502233744829,0.000920936505595007,0.00994148554667875
448,0.00194432215754759,0.000892723645457417,0.0108304335556551
449,0.00188952470411329,0.000894664491345111,0.0108949934566903
450,0.00181755403096974,0.000914618582225992,0.0105616687582076
451,0.00177174696038455,0.000914990554557573,0.0121571375410629
452,0.00187413442485069,0.000904774366310974,0.0106904437863635
453,0.00183767678868612,0.000896392331546084,0.0109659592210661
454,0.00178045882868068,0.000927475991395078,0.0110904113190168
455,0.00174648069450858,0.00092286286476076,0.011122659959428
456,0.00186503215836707,0.000903458401514896,0.0104295662004548
457,0.00183502606038309,0.000904855885300442,0.0115498731073424
458,0.00176015563458838,0.000913185544787789,0.0121781258080505
459,0.00172636230732184,0.000907616166503803,0.0111504254753661
460,0.00181814288999058,0.000904735693016573,0.0107612522238539
461,0.00179998465033303,0.000909636825160093,0.00994087221114355
462,0.00173256829057681,0.000915594553957777,0.0106501803163424
463,0.00170748304268233,0.000923678022158737,0.0095593200956579
464,0.00211163701245123,0.000903453570929895,0.0118113265507918
465,0.00204344092894911,0.000903316648121882,0.011112291257017
466,0.00199291985466364,0.000919388481725148,0.0121122182112154
467,0.00193714334434988,0.000914207213482337,0.012522830769083
468,0.0019953553698173,0.000903364932075619,0.0112284657599106
469,0.00195397289206629,0.000905169436221383,0.0109153656128455
470,0.00192207652062278,0.000929019787405795,0.0113944451507368
471,0.00188496641025737,0.000919668142602001,0.0116100612700735
472,0.00201003703422874,0.000906098510589973,0.0105517912725444
473,0.00196720210605817,0.000903266824673441,0.010999629967621
474,0.00192985902385168,0.000914853246175038,0.0109066784435859
475,0.0018835930887823,0.000919301508643485,0.0112765566676764
476,0.00192380745943657,0.00090322448273667,0.0115854738553243
477,0.00189752504268085,0.000909884287441319,0.0108556477186363
478,0.00187281567046109,0.000929977866254042,0.0112062961800886
479,0.00184005918462878,0.000917375703891161,0.0106668138332266
480,0.00186597740093375,0.000899255498552201,0.0113023213175141
481,0.0018245582803385,0.000904042776697821,0.011243275111018
482,0.00176001766879044,0.00091767136970613,0.0116951470349221
483,0.00172799899655842,0.000912920325929156,0.0129285018901571
484,0.00182543968702073,0.000908177580326624,0.0111264925927505
485,0.00180229314781388,0.000904971074711123,0.0109951681507561
486,0.00174694478405756,0.000923899849209534,0.0111769998015978
487,0.00172767306450264,0.000911080207407723,0.0122976261850863
488,0.00179570739149743,0.000907880286569891,0.0115853200843223
489,0.00177942464948108,0.00090733397979552,0.0111062549209648
490,0.00171180956767258,0.000908438254878909,0.0119001059333702
491,0.00169400832491939,0.000908989325603559,0.0126598801747387
492,0.00177030645690283,0.000911010863817064,0.0112920718485702
493,0.00176240865807817,0.000905077863969398,0.0125565932363498
494,0.0017046048779491,0.000915014500718412,0.0114997853931448
495,0.00169319013047351,0.000909574765866926,0.0113597423438074
496,0.00203030022734974,0.000909985537173816,0.0108472719117877
497,0.00198621479954098,0.000905191357464429,0.0115579300750755
498,0.00193854936099548,0.000918118549051234,0.0120622331986548
499,0.00190406232409932,0.000908457594842772,0.0119712946633537
500,0.00195410127840306,0.000908465110585437,0.0117483384026259
501,0.00193516488107539,0.000896355618407291,0.0114898150883361
502,0.00190210355011949,0.000921487494328678,0.0113397202583747
503,0.00188547187533232,0.00091500912538646,0.0110474178722969
504,0.00194821851000699,0.000902354418508149,0.0133002561911321
505,0.00193034729979289,0.000906246013155625,0.0107246652592068
506,0.00189115369927783,0.000912253495242023,0.011417799574734
507,0.00186881493117827,0.000908036266036577,0.0109620669618199
508,0.00189174861662703,0.000911982243468376,0.0112016620943533
509,0.00188588708329274,0.00090166342096986,0.0103963007227196
510,0.00186356927100948,0.000926724733035535,0.0104840054007634
511,0.00185130546316603,0.000909785167049445,0.0113445644284487
512,0.00230715068855744,0.000921875921319513,0.0123276239680341
513,0.00224185667582858,0.000907888455673734,0.0103725735418619
514,0.00209525520794727,0.000929946710445235,0.0111095633497047
515,0.00205303772140881,0.00090271237044476,0.00984809677391174
516,0.00223080722695729,0.000917295068687851,0.0116527442711192
517,0.00220415441930741,0.000917172332785828,0.0100100959946916
518,0.00205851068739541,0.000928813343844698,0.0106070283112535
519,0.0020458836908975,0.000910487412170643,0.0107983879145791
520,0.00221940617105787,0.000920576682428143,0.0114959445900695
521,0.00218607050780706,0.00089820824706144,0.00982260037752786
522,0.0020266937294505,0.000918398351768524,0.00984228161894118
523,0.00199899823511646,0.00091614582943004,0.00974230318735063
524,0.00220042992570363,0.000920763918429527,0.0118527591165331
525,0.00219286341649935,0.000899433843943533,0.0104596144323994
526,0.00202392075901118,0.000918550556397079,0.0112123740407999
527,0.00201636657433986,0.000911846175787097,0.0108873003605268
528,0.00242917794260246,0.000923434199504666,0.0127077583787292
529,0.00237302501981802,0.000901419399477392,0.0104354023860516
530,0.00223792696135748,0.000928684654891698,0.0110160692960896
531,0.00220270673487474,0.000917746832523942,0.010397048098424
532,0.00232135497942618,0.000910491467360358,0.012424473737555
533,0.00230561615511531,0.000911942528620687,0.0112049204563534
534,0.00218925503871696,0.00093133167629175,0.0115667476244232
535,0.00218730736675026,0.000912279182178974,0.0104059705224065
536,0.00231454232073659,0.000914037284800304,0.0115196905957547
537,0.00228669810499441,0.000898307032359978,0.0108456513432015
538,0.00215757201605984,0.000916603027228061,0.0115992644175316
539,0.00213073697203907,0.000919539060317559,0.0107554885007157
540,0.00225923606656461,0.000914673337026666,0.012279886091655
541,0.00225617574947223,0.000900674586827493,0.0108956178099833
542,0.00213678021419673,0.00092608455877944,0.0106605764632214
543,0.00213202413634145,0.000921759932976198,0.0104462514907641
544,0.00218360476417303,0.000918682599347467,0.0120370238057447
545,0.00211644199759165,0.000908617568538094,0.0113990425371183
546,0.00200192595321892,0.000916911226547802,0.0119314032358062
547,0.00195332663237526,0.000913111636025612,0.0113215762762568
548,0.00211464371643313,0.000918550388796826,0.011989657072614
549,0.00208243862992187,0.000917736086489373,0.0113527259656558
550,0.0019699259912273,0.000928430831833064,0.0113584035137967
551,0.00194587930958243,0.000918333212961778,0.0106534911577312
552,0.00209666045132846,0.000907185715446337,0.0107654436382481
553,0.00206646203029131,0.000904587967713184,0.0106691790302997
554,0.00193804635237528,0.000918520412207211,0.0105861902103127
555,0.0019108082514986,0.000911504395178734,0.0094398840834256
556,0.00207258915219063,0.000919899973082783,0.0118942827157325
557,0.0020609185580088,0.000912355969434621,0.00999037450179976
558,0.00193281949109445,0.000921703218176204,0.0102921934715446
559,0.00191752016607179,0.000897879480242576,0.0105597410131358
560,0.00231189714273439,0.00091254081985405,0.0125262298146929
561,0.00226014877773367,0.000908085874364565,0.0118561013379194
562,0.0021512893890554,0.000922581534637063,0.0109735256776064
563,0.00211270509299188,0.000916562240040537,0.0105173694257899
564,0.00222147649420784,0.00092769457220371,0.0120913268778499
565,0.00220424424055002,0.000911973732497012,0.0108732045576426
566,0.0021156223507018,0.000927313810729555,0.0110681261747313
567,0.00210230985862317,0.000918541083088678,0.0101578525531487
568,0.0022132393461837,0.000905669883638148,0.0120288015096574
569,0.00219585071033224,0.000901752603405678,0.010833921349986
570,0.00208472129188962,0.000909813716777947,0.0115603641384635
571,0.00206196150153224,0.000909388307604406,0.0101301969955041
572,0.00216228537571378,0.000916804357822118,0.0119139773947665
573,0.00216069303614224,0.000912251303272816,0.0101176875318055
574,0.00206969938809297,0.000923159028659036,0.010711583528546
575,0.00205856279570465,0.000917059017746605,0.009954744957112
576,0.0021734475217039,0.000912482895302967,0.011987611129705
577,0.00214652799670209,0.000907044478432477,0.010299276834696
578,0.00198871390409909,0.000920547277718189,0.01088436936156
579,0.0019758498490931,0.000926657066598211,0.0105658253348267
580,0.00211018152531008,0.000915815747111796,0.0118021293605611
581,0.00210794026696506,0.000910791726623312,0.0108083295842922
582,0.00195671149994443,0.000928964182493056,0.0115638650350712
583,0.00196188680953577,0.000926011654776621,0.0109867636888332
584,0.00207789752766699,0.000906453677966188,0.0104560583425226
585,0.00208410119012179,0.00090816846793053,0.0105369203522861
586,0.00190448194281847,0.000915368701925943,0.0103410862926243
587,0.00190984076580472,0.000908598601222923,0.0107018209363438
588,0.00205819995103275,0.000915795896466117,0.0119145976820419
589,0.00207937856466107,0.000915267636994799,0.0106338389044633
590,0.00189911933078284,0.000915852409870281,0.0108088526879168
591,0.00191584882146155,0.000922696270018145,0.0111223570368766
592,0.00229293892536602,0.000905134569049114,0.0114626133245034
593,0.00227102020588104,0.000896620870378508,0.0113206394723934
594,0.00212089661700333,0.000912686350294747,0.01161027261922
595,0.00211274599799163,0.000913085689688241,0.0119984556282174
596,0.00219104084605629,0.000911265458676627,0.0132756775185972
597,0.00219584083193321,0.000905683744077664,0.0119473513246165
598,0.00206973849435923,0.000924930101924442,0.012219479757494
599,0.00208278013000045,0.000921544529188651,0.0116605488574832
600,0.00217391769585668,0.000905335035551437,0.0116841611709815
601,0.00218353133521516,0.000903288126031455,0.0107026031555581
602,0.00202730377386748,0.000915638329602457,0.0110313298974467
603,0.00203397573038187,0.000917700934185931,0.0111075104852795
604,0.00211360762484313,0.000912351043677167,0.0119313551534699
605,0.00213726563112438,0.000910938118527812,0.0111319355722349
606,0.00199909568294284,0.000915441601296335,0.0114366745206515
607,0.00201832788390753,0.000924955403583028,0.0114707187111638
608,0.00209512088284504,0.000912880244784501,0.0133079836843066
609,0.00206030864581902,0.000913164263937466,0.0121438906527045
610,0.00192769417310054,0.000917555272258104,0.0129902766200057
611,0.0019049195728952,0.000918343972391291,0.0111129377524483
612,0.00203815463732125,0.000908490354051042,0.0116458448693943
613,0.00202846854950266,0.000907256284197282,0.0119128728887735
614,0.00190237988863988,0.000923168438043362,0.0117797398725808
615,0.00189722133022276,0.000908337303495106,0.010810757610814
616,0.00200086211070284,0.00090770254007191,0.0130606795272382
617,0.00200429330832931,0.000908119246999802,0.010536493220442
618,0.00185027759236413,0.000909274431927103,0.0116572774987201
619,0.00185211504875489,0.000907394093412905,0.0102397013886604
620,0.00197968904286492,0.00090662677069814,0.0124595323350737
621,0.0019935071622154,0.000909930017446784,0.0115935644264911
622,0.00184729562309295,0.000920536017986755,0.0116132558050362
623,0.00185570386391331,0.000909136609659658,0.0103946827756902
624,0.00223098114259513,0.000904368338869968,0.0125775248381243
625,0.00220675497153717,0.000902463577724095,0.0122227120780695
626,0.00207526433323878,0.000912516940813354,0.011800181297899
627,0.00206032474399834,0.000908944760511259,0.0113594039592577
628,0.0021413609972812,0.000914879387315953,0.0118078325212436
629,0.00214265588966715,0.000911027927875348,0.012599694000232
630,0.00203644558358131,0.000919356097325619,0.0115757241034604
631,0.00204002384502536,0.000918347236361105,0.0120148971451824
632,0.00212573458948304,0.000900902737187111,0.0128279518949
633,0.00214054340209517,0.00090228752739586,0.0116054139054734
634,0.00199648147329441,0.000909784145990366,0.0109878651533561
635,0.00200428014986465,0.00090386313715779,0.0116811887001222
636,0.00206962781293559,0.000914315495031559,0.012603629678691
637,0.00209252329564877,0.000908074492919958,0.0105733184238112
638,0.00197639391224582,0.000921033391272805,0.0107107417927371
639,0.00199026288685736,0.000921166472115965,0.0104086437204567
640,0.00208767522296149,0.000918174899404837,0.010574724797856
641,0.00201469007534031,0.000912951726292684,0.00933221319497206
642,0.00192215757963258,0.000923745046094909,0.00999968192107326
643,0.00186488609558067,0.00091225530094044,0.0103627428028439
644,0.00201665057001466,0.000915326346577628,0.0108202074125585
645,0.00197296507488039,0.000907824783406583,0.0101633160138171
646,0.00188151911027027,0.000924942023858446,0.0104795407291138
647,0.00184519948259288,0.000918543588585121,0.0100893388581393
648,0.00202778767608826,0.000922605844829834,0.010599796295115
649,0.00197681224063625,0.000906914180464998,0.0103559376053227
650,0.00188163435853073,0.000928105381158071,0.0104544629393898
651,0.00183134404781413,0.000913240969016863,0.00986200576183745
652,0.001991891867707,0.000919607109271223,0.0115128687570972
653,0.00195838934023011,0.000912800812191858,0.0101343661607083
654,0.00185827277474789,0.000932839702115967,0.0112602198870196
655,0.00182076933644872,0.000921090154737194,0.0102752905768267
656,0.00222622991330611,0.000918544667769296,0.0120559412261476
657,0.00215539827255067,0.000911647610195093,0.010705374872315
658,0.00208255720955805,0.000928372701096601,0.0112173685216906
659,0.00202520235483952,0.00092169289396662,0.0104529214956561
660,0.00213144483998067,0.000918241024565579,0.0116571731444018
661,0.00209368409155667,0.000917540843490785,0.0109852072641184
662,0.00203175985958138,0.000937466833263941,0.0115955584178276
663,0.00199951372903148,0.000921391276214863,0.0105426047739308
664,0.00214474619502404,0.000914321366676321,0.0115556304184376
665,0.00209098000467085,0.000908736805104412,0.011490664475095
666,0.00203520994229016,0.000933191648244987,0.0118572193843232
667,0.00197749063953454,0.000915111875473304,0.0104518925300002
668,0.00208319679293659,0.000920290826053448,0.0119594213619598
669,0.00204790344575437,0.000919045816164471,0.0107064950941991
670,0.00199758551681523,0.00093547512625923,0.0115250429614446
671,0.00195522013436092,0.000919717278999668,0.0113131804422123
672,0.00201024049170028,0.000920125369084267,0.0133618615427241
673,0.00193495077001752,0.000901760982375929,0.0111830494501541
674,0.00186561696740354,0.000918406060438414,0.0114752673904074
675,0.00180444216221533,0.00091451263998403,0.0122018366037533
676,0.00194574300567085,0.000925765034656738,0.0116046472388833
677,0.00189998713640502,0.000911028035158886,0.0103101768517775
678,0.00182914584563542,0.000927916897113366,0.0110472590015615
679,0.00178741880682498,0.000921803433729978,0.0109894908541098
680,0.00193860176028575,0.000911402302225869,0.0111981741120199
681,0.00189092033728338,0.000900189174509188,0.010632047233962
682,0.00181718537360303,0.000925665821749586,0.0100122628860162
683,0.0017702289569179,0.000911530203757428,0.0103060222666849
684,0.00190146485218183,0.00092292157845231,0.0118007303031954
685,0.00186794552273152,0.000914758332945289,0.0101138746962153
686,0.00179438990227135,0.000923130799714619,0.0109940103207188
687,0.00175553502809531,0.000914505557140866,0.0100245278163501
688,0.0021613616160376,0.000910318708325573,0.0120089671221922
689,0.00209429063797236,0.000916141279999555,0.0102873521460444
690,0.00203688899797721,0.000919275673958369,0.0115098818553573
691,0.00197959143523991,0.000916023132348992,0.0113349900639118
692,0.00208123585523152,0.000917921419797194,0.0107602195805562
693,0.00204619259297273,0.00091276856188279,0.011538794530198
694,0.00199792954085456,0.000919610455760786,0.0108427750482696
695,0.00196219086477591,0.00092071442256517,0.0104407249152586
696,0.00207676017582336,0.000909228533744345,0.0116281908249586
697,0.00203346421534811,0.000904528070357339,0.0104160880466817
698,0.00198566204836143,0.000912227748994385,0.0106330194897635
699,0.00193589348996599,0.0009108656069306,0.0113783548246407
700,0.00202146465613972,0.00091198740897547,0.0103370431628986
701,0.00199214002582748,0.000915835252283707,0.0112970730472716
702,0.00195612566560224,0.000927950395277009,0.0118756450107556
703,0.0019153122449334,0.00092153326161234,0.0109419925211068
704,0.00200525859602528,0.000920754351727224,0.0112249096742076
705,0.001961363709544,0.00091142549020516,0.0110833544982171
706,0.00185200609323428,0.000918251212243801,0.01071917899012
707,0.00181898838321062,0.000927906403033595,0.0114537839308059
708,0.00193731315274293,0.000912777210342001,0.0119056945092805
709,0.0019126400512938,0.000907383999304602,0.0107137197493752
710,0.0018095380047183,0.000920009517743181,0.0111195201293879
711,0.00178924552506299,0.000919701093088333,0.0106769851562492
712,0.00192810410962035,0.000926114789587198,0.0111228421958544
713,0.00191181290321643,0.000916063018787503,0.0123252252691509
714,0.00178969588022993,0.000932438083289707,0.011469979179304
715,0.0017704012104877,0.000922500909162223,0.0106604189714975
716,0.00188770146705477,0.000916188233339978,0.0119051745815284
717,0.00188034049807569,0.000908530400109066,0.0115055300941817
718,0.00176137967502122,0.000930623668285525,0.0111483842802958
719,0.00174793815006831,0.000926955459401912,0.0102421155998035
720,0.00214185410313473,0.000916277543753809,0.0124787697177125
721,0.00209371352176313,0.000904959880702229,0.01097222041868
722,0.00200287565929451,0.000932510332564945,0.0114614689573436
723,0.00196637312473514,0.000914955717904538,0.0111761424397068
724,0.00204267693943674,0.000917846311913658,0.0116354747104425
725,0.00201862877400366,0.000911573804142691,0.0118437041456933
726,0.00194442194790212,0.000928210485575834,0.01230328265693
727,0.00192487748041686,0.00092601439651737,0.0121184272297997
728,0.00204351460141976,0.000917030598919314,0.0122316027838008
729,0.00202038680380885,0.000907795014992925,0.0119356634213043
730,0.00193338526512872,0.000928597123822131,0.0124151115684583
731,0.00190617628227305,0.000920861254725244,0.0112221128821118
732,0.00197301855644064,0.000925261290676974,0.0128596016668282
733,0.00196073082328375,0.000905969412818855,0.0118348051450837
734,0.00188738621136073,0.000925984700731576,0.0118572378436864
735,0.0018684480243187,0.000929133179181912,0.0105093855153095
736,0.00196415248604233,0.000919681939546343,0.0120928469426336
737,0.0019085379773305,0.000920195453403477,0.0137323990026299
738,0.00182299753009066,0.000915421712658313,0.0123840882726218
739,0.00177876624897191,0.000917901382832032,0.0128855000637968
740,0.00190063548921707,0.000908661606554801,0.0132106459654243
741,0.00186830526730379,0.000918332692779952,0.0113673091052909
742,0.00178561625680249,0.000921848372756196,0.0113894980071482
743,0.00175674801745485,0.000914757962808823,0.0126287494700547
744,0.00187597754497286,0.000914434201655673,0.0114958967332872
745,0.0018536970139218,0.000923797790989703,0.0114568166646893
746,0.00175517845224765,0.000921170286350622,0.010972571465797
747,0.00173162692940112,0.000919958452956523,0.0124831114702746
748,0.00183665098252337,0.000906840912009747,0.0119477448514012
749,0.0018225388265252,0.000914872858995194,0.0133871142519071
750,0.00173101491003681,0.000929197558069683,0.0112539790507722
751,0.00171170435027044,0.000918887396657513,0.0115163681251718
752,0.00212325768946103,0.000916572518696479,0.0117819117538311
753,0.00206793086486476,0.000913941096903943,0.0119264328148933
754,0.00199321308326564,0.000913243831982973,0.012012570444073
755,0.00194859828248253,0.000915035425369247,0.0121873857704832
756,0.00203321457974411,0.000914504675541664,0.0125763727604798
757,0.00200515398227015,0.000918013991489756,0.0112879644830644
758,0.00194540480407135,0.000925078749946107,0.0113987129510031
759,0.00191889994017043,0.000924792581366746,0.0117057614522274
760,0.00202062183919496,0.000906497066696149,0.0136376200153653
761,0.00199823389404343,0.000916715847958191,0.0116149476515267
762,0.0019219187140652,0.000910344677059967,0.0115655664545397
763,0.00189484589754966,0.000909151556641861,0.0111036693917409
764,0.00195560198794912,0.000919305249081856,0.0119753789961209
765,0.00194234489291725,0.000918820611246335,0.0131515046031345
766,0.0018856050780266,0.000929749785257372,0.0111605565793314
767,0.00186393636818312,0.000925610161659787,0.0117575565337862
768,0.00224464662964267,0.000900186882476559,0.011948548813582
769,0.00217897845931699,0.000889967473702185,0.0102473429827913
770,0.00203753643152387,0.00091475007043802,0.0107603687545345
771,0.00198770407650083,0.000903720002253222,0.0106381873816839
772,0.00216667805154406,0.000913934968049551,0.0125683837205529
773,0.00214240888934017,0.000903177803060077,0.0108230205866931
774,0.00199902401825752,0.000930629229089194,0.0107325141051848
775,0.00197938922691861,0.000918365112937224,0.0103458147114004
776,0.002172368520566,0.000903181221546441,0.0107866816144383
777,0.00214873219849885,0.000899834734770144,0.0105049083094793
778,0.00198278162931776,0.000922253979874845,0.0109468139832563
779,0.00195759516971893,0.000911907766823232,0.00992139243264197
780,0.00215252475596319,0.000912339475974251,0.0116046141942346
781,0.00216147345806248,0.000903588127036482,0.0105747797156944
782,0.00197965279251359,0.000930720032423237,0.0107646402338755
783,0.00197829457296726,0.000922074867704929,0.0101145598725328
784,0.0023888782894922,0.000896114561775739,0.0118246706151614
785,0.00231342988321219,0.000890096474040122,0.010770343290079
786,0.00218860113945956,0.000911988807198648,0.0107648697713466
787,0.00213194732037381,0.000908521532335861,0.0106864217930598
788,0.00225958202358772,0.000909625508827463,0.0122952710601233
789,0.0022279453758001,0.000904584636784167,0.010939799928166
790,0.00211991237001821,0.00092032982128294,0.0116143744911088
791,0.00209728516645844,0.000911771423797436,0.0111802533931096
792,0.00228112377277836,0.000900581175320339,0.0118064009456703
793,0.00224637493949511,0.000890543085651103,0.0108042996241
794,0.0021172383391442,0.000914624444815728,0.0108448308038623
795,0.00208042904040519,0.000915039579914025,0.0099882594584586
796,0.00220844154429073,0.000909302206496351,0.0121925911766839
797,0.00220426401385181,0.000896079675397795,0.0111820951845063
798,0.00208130272159387,0.000928094194334328,0.0119544115283733
799,0.00206956216437778,0.000919139210895248,0.0108778015960378
800,0.00211052227334572,0.000900375258982102,0.012506773251551
801,0.00205232736307136,0.000893285272029998,0.0115744977362148
802,0.00194481275919392,0.000915125289309276,0.0111990943060537
803,0.00189859036663931,0.000909209958110207,0.0105547535807381
804,0.00205039562974191,0.000915870784771464,0.0113762734447252
805,0.00202419561524103,0.000902858635335281,0.010892501674354
806,0.00191974621687471,0.000924352087697613,0.0104471743394825
807,0.0018952870296463,0.000914262760152301,0.0106851618905909
808,0.00204984941324143,0.000895449532776654,0.011860195192114
809,0.00203449875898297,0.000894088529395956,0.0105003599424425
810,0.00190255994147101,0.000909899779003921,0.00996770785770486
811,0.00188410493846884,0.00090588383541042,0.0105063614324281
812,0.00203222953464686,0.000918341845136436,0.0114861928404017
813,0.00203650395803137,0.000902876714724749,0.0105663273498913
814,0.00190354850516261,0.000918831015620165,0.0103499116729145
815,0.001897215493309,0.000918766064886986,0.00976878702314937
816,0.00224828717101327,0.000898742767742853,0.0119794153731885
817,0.0021920651341481,0.000888791095844432,0.0119773347036344
818,0.00209392759024057,0.000911150327845518,0.0103150244295024
819,0.00204778550711551,0.000903198119564446,0.0108061128640828
820,0.00215030635801715,0.000910676494064494,0.0116399560903059
821,0.00212596568522433,0.000896030670900219,0.0116280626559872
822,0.00205045343760492,0.000927631703456504,0.0103084132907131
823,0.0020269290515223,0.000915541655100012,0.0103180344322168
824,0.00217153307231425,0.000906391051958261,0.0108653385510674
825,0.002157382151154,0.000897891447829686,0.0104009762862729
826,0.00204740614056181,0.000908711080536116,0.0100451253110055
827,0.00202449234441617,0.000904912529883347,0.010256849440972
828,0.00211281974702103,0.000909937025038621,0.0116165508141746
829,0.00211475768291512,0.000900108464291475,0.0107896226337884
830,0.00202646206335877,0.000918679298298994,0.010446854348836
831,0.00201497490119924,0.000914134764947255,0.00997990127071268
832,0.00210896376031759,0.00088881535344787,0.0107799430231377
833,0.00208592212706789,0.000893150318446148,0.0115868214852742
834,0.00193747143163642,0.000903522638136742,0.0115578315902242
835,0.00192050952065922,0.000908804798392414,0.0130674526970067
836,0.00205172306128773,0.000910283718034449,0.0122579366329133
837,0.00205174003497204,0.000900018985149243,0.0111378499886522
838,0.0019134045299727,0.000926352063440453,0.0119042316899655
839,0.00191250205368257,0.000921627315769351,0.0116150421331614
840,0.00203150252959523,0.000900611005695592,0.0109632968011115
841,0.00204768253073641,0.000894088045860818,0.0111951958511611
842,0.00186758323103735,0.000918750202100562,0.010862417969807
843,0.00187580570245633,0.000913418515189759,0.0110098265959841
844,0.00201487483460548,0.000912389516742951,0.012422981998952
845,0.00204738114768709,0.000893002548259801,0.0116108913973773
846,0.00186813621746728,0.000924332287916963,0.0116179365558782
847,0.0018881130257269,0.000920673590751073,0.0101410099167822
848,0.00224420415926578,0.00089161895576244,0.0121067409890463
849,0.00221895495156311,0.000884946919806402,0.0119493969954755
850,0.00207605324992423,0.000907850666469875,0.0117449881929388
851,0.00205927990093132,0.000913531899510841,0.0119131588368363
852,0.00213333233776111,0.000896599327412115,0.0115847817469643
853,0.00213285127201504,0.00089717435469697,0.0121625484906407
854,0.00201815349664652,0.000914849413848501,0.0122715448922218
855,0.00202011627522701,0.000919422322508443,0.0133265510024939
856,0.00214143973618471,0.000893225329975073,0.0125345254003439
857,0.00215546609553818,0.000892157781549503,0.0114638720813198
858,0.00199694807738885,0.000908289365186013,0.0115363292759953
859,0.00200278862271159,0.000914022853185768,0.0117021170697068
860,0.00207099071129474,0.000907015563411078,0.0131861463848104
861,0.00209912236468251,0.000906574104720196,0.0122251226640926
862,0.00196239911685965,0.00092898042226464,0.0132142313418421
863,0.00198038450291556,0.000925821845505783,0.0114484563956714
864,0.00202572298839052,0.000905092269628265,0.0119909481021251
865,0.00200676646570983,0.0009020396115824,0.0129298529063957
866,0.00187870740729506,0.000910888870405808,0.0123301176102042
867,0.00186440423354388,0.00090511039490923,0.0120271381061446
868,0.0019845337780648,0.000907438501678646,0.011875241823589
869,0.00198343495196083,0.000908402980558519,0.0124302289824047
870,0.00186960468883268,0.000922707133593811,0.0117315941477985
871,0.00186743109740691,0.000917714324037944,0.0121199916852119
872,0.00196080683630292,0.000900753077920284,0.0119934588051828
873,0.00198360979676699,0.000895558676552151,0.0116334179184733
874,0.00182380714268843,0.00090833714263752,0.0104920395655963
875,0.00183842928658712,0.000900647963365576,0.011910108302228
876,0.00194924801763293,0.000906296390215264,0.0118845980238522
877,0.00197837170087681,0.000905216790051714,0.0119869767277783
878,0.00183287721175416,0.000920396636513891,0.0110889114368594
879,0.00185109129473656,0.00091890430370638,0.0116469108701152
880,0.00216717652370179,0.000891751756157821,0.0130177573686294
881,0.00215612380721769,0.000895671332021025,0.0120785775703683
882,0.00202609677988919,0.000901628420082218,0.0118686904836912
883,0.00201816342866774,0.000901575887752985,0.0130757734014116
884,0.0020808825240997,0.000905480071585839,0.0132763062232914
885,0.00208745614972369,0.000895958954205413,0.0115987892471022
886,0.00199150794311662,0.000921820616793304,0.0113681653877448
887,0.00199608220492936,0.000920864271023343,0.0116043538124309
888,0.00209322499116444,0.000896461106435858,0.0118155955710775
889,0.00212626629551709,0.000903849517347944,0.0109622067903845
890,0.00197266703540327,0.000907792503449478,0.0103586121952569
891,0.00199268205133855,0.000903810532878971,0.0118558092133464
892,0.00203492255357582,0.000909365040287062,0.0111204055285282
893,0.00207067724699727,0.000906340941056822,0.0119139523809549
894,0.00195424039214287,0.000921689430954822,0.0102960812768519
895,0.00197665623760087,0.000915330850838223,0.0109983140399684
896,0.0020120447701346,0.000906794597032566,0.0102934432223374
897,0.00193879472023625,0.00090824605177889,0.0103382222282926
898,0.00185632345227233,0.000905555447067021,0.0114980415186936
899,0.00179368630238832,0.00090903248752878,0.0112186588465241
900,0.00193732219935246,0.00091449047953194,0.0102051530417238
901,0.00189658651855721,0.000909923127015007,0.0102083601044288
902,0.00181152037112152,0.000923400775427834,0.010914320515232
903,0.00177183663802812,0.000923642514116026,0.0104544288113628
904,0.00196903111216702,0.000905949205701505,0.0116480416792736
905,0.00192217579660621,0.000912946034635109,0.0114884345263036
906,0.00183069296260899,0.000910553740213647,0.0115222134621555
907,0.00178005303904301,0.000917607313358002,0.0102441034670283
908,0.00192935194959707,0.000909464813349166,0.0114838528523343
909,0.00190755825401627,0.000918263123143176,0.0109002463433868
910,0.00180354207184194,0.000923918906290326,0.0109188939866286
911,0.0017710780130685,0.00092702809563605,0.00984064519636735
912,0.00215665831622877,0.000904509153986055,0.0110113956932537
913,0.00207384691893863,0.000910634945184457,0.0114418219879103
914,0.00201621194562972,0.000911867418316664,0.0113993388057915
915,0.00194468956707389,0.000904798217712003,0.0108445829913864
916,0.00204422633253627,0.000915265056050626,0.011125662934127
917,0.00199708902367526,0.000916947574726504,0.0107636480832698
918,0.00194727586170871,0.000915694864940662,0.0108209449413726
919,0.00190256230952994,0.000930902424925513,0.0106102203523563
920,0.0020866998121897,0.000897013301365186,0.0119039801792959
921,0.00202741224163412,0.00090737626503039,0.010643494690149
922,0.00198087645559455,0.000913202672902715,0.0109023814380834
923,0.00191532984831433,0.000909288346882112,0.0116611080200033
924,0.00200883633968722,0.000912504844028404,0.0120387761015167
925,0.00197411211368011,0.000920233618881382,0.0114696653949436
926,0.00192705657208818,0.00091919978788938,0.0118744637660149
927,0.00188160373814564,0.000920825385217883,0.0101841671215307
928,0.00192314598576911,0.000900403026941932,0.0109624471653159
929,0.00185488271649006,0.000915315120930884,0.0122223430769608
930,0.00179751997066836,0.000915859048345348,0.0110048699922922
931,0.00173853669655283,0.000906917798514631,0.0114480539650665
932,0.00186374836294312,0.00092290634824384,0.0100582358600711
933,0.00182311218258835,0.000904970410747018,0.00998598605491853
934,0.00176446164959792,0.000930547971277768,0.010653967498878
935,0.00172365266522201,0.000917208837012374,0.0114858662026227
936,0.00187714083829881,0.000906075669071261,0.0114715687267839
937,0.00183819816758565,0.000913130761279476,0.0115365742616616
938,0.00176997910689739,0.000904196176559075,0.010505442451731
939,0.00172778805803172,0.000909737385513742,0.0102723332810956
940,0.00184247687672606,0.000904227341007788,0.0114259401496485
941,0.00182034472679379,0.000905202964723898,0.0115151066750258
942,0.00174916424098282,0.000919326730140849,0.0101713558826257
943,0.00171733977266025,0.00092186252448961,0.0101663988284184
944,0.00207004565868521,0.000907637533638926,0.0121525008240248
945,0.00200142961815025,0.00090146774976111,0.011651679037161
946,0.00196178525423924,0.000905847532785324,0.0111920287294931
947,0.00189997180049079,0.000907168055947366,0.0114212049441539
948,0.00198351333540113,0.000915702751926397,0.0104170718390584
949,0.0019440239843216,0.000913530512760977,0.01143165694241
950,0.00191473639425004,0.00091833095894451,0.0103838401811414
951,0.00187275559869789,0.000921458386899576,0.0108555486769464
952,0.00200983509068216,0.000899556631972552,0.0111177965122999
953,0.00196831847700189,0.000902968182622751,0.0115209589316777
954,0.00193171015146211,0.000900044954759571,0.0106807982766478
955,0.00188103653562918,0.000896388575468916,0.0106821043317482
956,0.00194617408820102,0.00090629252511188,0.0115570011704367
957,0.00191989903784042,0.000909443396523191,0.0112854567206422
958,0.00189368075011981,0.0009165926035153,0.0109200445901027
959,0.00185374024768434,0.000919326435756468,0.0104381437790408
960,0.00191594530547848,0.000901498834827216,0.0117844416301122
961,0.00187807123500645,0.000907343554374842,0.0119077223423727
962,0.00178092350429832,0.000912827956632042,0.0111636682764373
963,0.00174745639372345,0.00090122300937342,0.0122507561930584
964,0.00185337868818839,0.000907514660347918,0.0111521769089781
965,0.00183398947454162,0.000906881353257075,0.0113441058486206
966,0.00174444870714543,0.000926097876026823,0.0115494558709255
967,0.00172315049424346,0.000927933961450038,0.0115248140855813
968,0.00185899422539812,0.000908937388901468,0.0116301039051336
969,0.00184981284863559,0.000911345169344845,0.0119579978581168
970,0.00173513850790866,0.000925974170239995,0.0116162973683508
971,0.0017179508298843,0.000905102826463175,0.011713697250069
972,0.00182108919383099,0.000912365564253192,0.0117770812302048
973,0.00182365868901553,0.000922167119199314,0.0108686595622598
974,0.00171060251145446,0.000924928601718864,0.0108518243520742
975,0.00170151950058965,0.000919644692401696,0.00993674771008538
976,0.00205428993376122,0.000898416370458119,0.0114789699406901
977,0.00200944516339368,0.000896881108281092,0.011542528424174
978,0.0019303220538748,0.000912537991527658,0.0124014398674773
979,0.00189155774273911,0.000917581507477544,0.0127151193908832
980,0.00195035015580158,0.000907679850924921,0.0118441187856955
981,0.00192728436365863,0.000907973474506858,0.0119725530881369
982,0.00186663042296519,0.000920092394636931,0.012835951665338
983,0.00184328399574736,0.000929713961504854,0.0115784662308312
984,0.00197681991075685,0.000899969165318125,0.0116087274441268
985,0.00195958662567456,0.000900191912839315,0.0128029626491998
986,0.00187899290969334,0.000923032176074885,0.0131764629143044
987,0.00185305508794905,0.000906097958054828,0.0125763647764779
988,0.00189876664362645,0.000915082615033814,0.0120907104586537
989,0.00189322222205163,0.000918424414139813,0.0113580107502574
990,0.00182625264883729,0.000925756166850766,0.0115002695266419
991,0.00180985638631359,0.000922174689298238,0.0113191962198905
992,0.00186742180168813,0.000911504050470447,0.0117824622596983
993,0.0018281948905046,0.00090757996011706,0.013778242034683
994,0.00175047584484769,0.000913070820315544,0.011483907331449
995,0.00171624598351401,0.000904729427757021,0.0137690779099988
996,0.00181821140260328,0.000919959916308901,0.0115509343866858
997,0.00179624215251443,0.000902943870037858,0.0126734967891162
998,0.00172667564362666,0.000922552480646009,0.0125764023144564
999,0.00170369865360931,0.000919746003467248,0.013233938251236
1000,0.00180921534695975,0.000914520116420427,0.0120540340272348
1001,0.00180276466433632,0.000913157740054192,0.0130084577193244
1002,0.001705926502632,0.000916354351963005,0.0117303388238609
1003,0.00169316531880347,0.00091186141088128,0.0132377213432277
1004,0.00177820815835871,0.000907881706580173,0.0128051615063149
1005,0.00177785679391932,0.000916377753660559,0.0131128899743332
1006,0.00169093420284654,0.00092239629334228,0.0112161138519674
1007,0.00168149759478037,0.000923125543296539,0.0118815646936668
1008,0.00201911567618706,0.000906006586596131,0.0117958006777753
1009,0.00198030358251642,0.000906497408574395,0.0129163736381855
1010,0.00191372705375081,0.000910483782181753,0.0116703777100274
1011,0.00187916379489938,0.000904574594818255,0.0120155102602629
1012,0.00193518182536283,0.000921877209619475,0.0113179765348364
1013,0.00191568835440205,0.000899035356813905,0.0116544630108074
1014,0.00187022675400657,0.000921117467003669,0.0114944370221655
1015,0.00184851941320072,0.000916201062124298,0.0125787989499232
1016,0.00195078187897896,0.000909608493109739,0.0120942594658485
1017,0.00194565318932349,0.000910931067575324,0.0131542881922061
1018,0.00186987829938724,0.00091247313101033,0.0111993948619079
1019,0.00185464044221103,0.000906294788889247,0.0126472164281709
1020,0.0018852312348374,0.000913240030074381,0.011854240042686
1021,0.00188516296256404,0.000916611681901993,0.0128575386582001
1022,0.00183366125994723,0.000920784226659285,0.011394949442636
1023,0.00182196008639244,0.000916729642467297,0.0106791692448307
