"code","lambdaZM_hat_T","lambdaZM_lo_T","lambdaZM_hi_T"
0,4.62153176467242e-05,1.85106808281458e-05,0.000208347153257085
1,4.44519007057995e-05,1.8568061372742e-05,0.000182320111724717
2,4.21683462576823e-05,1.8652481786149e-05,0.000209669376450597
3,4.08610864405019e-05,1.86862241374333e-05,0.000199499324103495
4,4.44350592097261e-05,1.87182347260494e-05,0.000206408172235572
5,4.34439508589675e-05,1.8462944654859e-05,0.000203216061712962
6,4.12827101970403e-05,1.87378410307796e-05,0.000203043318568745
7,4.05312144055353e-05,1.8765950435205e-05,0.000203276979610842
8,4.41951330500618e-05,1.85265762241383e-05,0.000204543495660048
9,4.30019340788323e-05,1.85678134890787e-05,0.000198818643758983
10,4.07661775521566e-05,1.85007753841266e-05,0.000200333504803699
11,3.96885188093085e-05,1.8614813726086e-05,0.000191669316023154
12,4.34654669094763e-05,1.85607882136177e-05,0.000213675976990666
13,4.27722464106536e-05,1.84767270391325e-05,0.000202457715713156
14,4.04792470437044e-05,1.85829492058362e-05,0.000213319047087232
15,3.97694699844769e-05,1.86478305980066e-05,0.000204828140482144
16,4.98964466250045e-05,1.86779140563134e-05,0.000213482600673038
17,4.80042947177437e-05,1.85754016171659e-05,0.000208358356868812
18,4.6014580828534e-05,1.88715735713644e-05,0.000209577101341585
19,4.46075381306355e-05,1.87142637448181e-05,0.000203132860162687
20,4.73329854415799e-05,1.85601238720226e-05,0.000232960544465349
21,4.63685059390071e-05,1.8574892925013e-05,0.000213629512334104
22,4.4715317572491e-05,1.88568384755757e-05,0.000208879568818589
23,4.40026471160425e-05,1.8631365207484e-05,0.000201450111519985
24,4.72673825268531e-05,1.84559048561184e-05,0.000227172184772305
25,4.59566907366942e-05,1.87064642103082e-05,0.000220002060681452
26,4.43709419293913e-05,1.87868218795845e-05,0.000223594815319875
27,4.31263382856664e-05,1.85765702039952e-05,0.000211271666331263
28,4.58179757576041e-05,1.85799545536378e-05,0.000231220776037443
29,4.50774570438098e-05,1.85176631245418e-05,0.000214106055615272
30,4.36919934413212e-05,1.86994206504312e-05,0.000223013314112174
31,4.28974960687947e-05,1.86775586825733e-05,0.000208772645343645
32,4.32177587715629e-05,1.84574687540686e-05,0.000243324816553882
33,4.17931441205086e-05,1.86472523013795e-05,0.000213437080719092
34,3.98549349144923e-05,1.86034167361136e-05,0.000221505672409729
35,3.87768207439924e-05,1.86267877933452e-05,0.000207300659405094
36,4.19870275790899e-05,1.86983627122659e-05,0.000214560715375183
37,4.12752332080702e-05,1.86799604692234e-05,0.000224359580185078
38,3.93576615337539e-05,1.89510187423197e-05,0.000224114012283234
39,3.87666676623929e-05,1.88926359248055e-05,0.000208754439683385
40,4.14304167652593e-05,1.86364521827516e-05,0.000214926765758533
41,4.05730738531236e-05,1.85171533228506e-05,0.000196266837369204
42,3.86931813894731e-05,1.86384432760099e-05,0.000212184272451848
43,3.78949765725006e-05,1.87877416440063e-05,0.000203417329118957
44,4.09754968553192e-05,1.88562934174908e-05,0.000210652300895131
45,4.05050450709722e-05,1.84950991840538e-05,0.000205008274717859
46,3.86450498543234e-05,1.87252900594928e-05,0.000206640952802836
47,3.80933048702882e-05,1.86291922983289e-05,0.000202182333707445
48,4.66565616729115e-05,1.85668601091978e-05,0.000215557696920137
49,4.53255151110992e-05,1.85250745486441e-05,0.00021763409248693
50,4.35995121037031e-05,1.87401390002094e-05,0.000208041232074798
51,4.25526393957389e-05,1.87138113354691e-05,0.000206393447085019
52,4.49120332126155e-05,1.87233695966834e-05,0.000203419064976078
53,4.43882145111563e-05,1.85788928707343e-05,0.000208837457569788
54,4.29052522210178e-05,1.90087655794974e-05,0.000216341711609543
55,4.24197590217905e-05,1.88409701033725e-05,0.00021454881323732
56,4.45615864007419e-05,1.87821838372631e-05,0.000221396819583915
57,4.37954905559555e-05,1.86357649517719e-05,0.000211661158923498
58,4.23764050764628e-05,1.8816923026106e-05,0.000214292400682331
59,4.15325491050958e-05,1.86960125326534e-05,0.000192107958352782
60,4.36092812413202e-05,1.85334171951598e-05,0.000206261586373961
61,4.3255496746341e-05,1.86743544229831e-05,0.000218512383394823
62,4.21269031099427e-05,1.88106802675085e-05,0.000197616006434927
63,4.15659388380005e-05,1.87948690548125e-05,0.000208377733338912
64,4.36092890009303e-05,1.86836765739398e-05,0.000211069084132205
65,4.27903096538251e-05,1.85928183711533e-05,0.000203925399295997
66,4.01576005228056e-05,1.87598681051493e-05,0.000224853559370823
67,3.96637037354769e-05,1.87804168114082e-05,0.00021342783449854
68,4.23535140122275e-05,1.86492289836602e-05,0.000222004340349389
69,4.1993372685034e-05,1.87370910592255e-05,0.000212519540716611
70,3.96271276523425e-05,1.88432422118729e-05,0.000224688037357116
71,3.94393281582656e-05,1.88081384625669e-05,0.000215994618537096
72,4.14388064869938e-05,1.85826793686634e-05,0.000211889382853597
73,4.11775913863946e-05,1.85448771645444e-05,0.000211410130275453
74,3.83961691379381e-05,1.85445317159475e-05,0.000211635755090769
75,3.81856884856715e-05,1.86303862422096e-05,0.000207037225261533
76,4.0932096365455e-05,1.8560948029061e-05,0.000214780866751625
77,4.09428668041633e-05,1.84736177943665e-05,0.000210521147853765
78,3.82789332765385e-05,1.87284791854632e-05,0.000214394392799641
79,3.82589170431241e-05,1.87047935033677e-05,0.000216928940487252
80,4.67031700562672e-05,1.85176186045512e-05,0.000226663909076416
81,4.5811503965649e-05,1.83882458311125e-05,0.000213482387112487
82,4.33998062899431e-05,1.86698223961284e-05,0.000237221734698252
83,4.28834742911097e-05,1.8729045034762e-05,0.000226964617693389
84,4.45774851225043e-05,1.86533567058625e-05,0.000227119827767014
85,4.42864348852926e-05,1.8482114650667e-05,0.000223008843572449
86,4.23508164903521e-05,1.87471603108976e-05,0.00025075399212657
87,4.22609176129295e-05,1.87485128978381e-05,0.000229200212405994
88,4.40217985643842e-05,1.83967436354232e-05,0.000220363832261771
89,4.37181328735514e-05,1.85239202460926e-05,0.000222793756552277
90,4.14403600615468e-05,1.86833923520291e-05,0.000226931362100093
91,4.11829663913373e-05,1.87365956874684e-05,0.000226553812624757
92,4.27427717375935e-05,1.87563716326777e-05,0.00023709062416516
93,4.27768401047271e-05,1.84900852404553e-05,0.000217262903820442
94,4.08568571668863e-05,1.88858432999606e-05,0.000229506260687661
95,4.0859875710668e-05,1.88097650066436e-05,0.000218513101512064
96,4.1563047020945e-05,1.85985354491974e-05,0.000223416461395444
97,4.09219255835544e-05,1.86375669601232e-05,0.000213870095625454
98,3.8532326500822e-05,1.87563062190535e-05,0.000233981777535946
99,3.81696242217286e-05,1.8924444859746e-05,0.000223804556975738
100,4.08175418952087e-05,1.85348648353965e-05,0.000223067055716998
101,4.06601484228016e-05,1.88394691308258e-05,0.000208694803300276
102,3.84002916314389e-05,1.89042706742593e-05,0.000216505402617774
103,3.83669940554773e-05,1.88400301028645e-05,0.000238851524471249
104,3.96010203506632e-05,1.85478072391572e-05,0.00023662997578809
105,3.95391574613821e-05,1.8529849776911e-05,0.000206369783294808
106,3.70395696401776e-05,1.86422600093573e-05,0.000210302743752447
107,3.70232300256619e-05,1.86185684667577e-05,0.000217023877453897
108,3.94305791867037e-05,1.85880729477314e-05,0.000221538202474781
109,3.9580177506552e-05,1.8417201340311e-05,0.000219548685100096
110,3.7236276356486e-05,1.86692665988041e-05,0.000220549867844065
111,3.7355218065993e-05,1.84203165146352e-05,0.000213181860349556
112,4.46424965921951e-05,1.85072230468038e-05,0.000215407872372967
113,4.41010468114583e-05,1.85995086835653e-05,0.000214301156446736
114,4.18590814315016e-05,1.879129883575e-05,0.000216671568464426
115,4.15768153452194e-05,1.87517086753967e-05,0.000231169627671493
116,4.32086052125653e-05,1.87225748880024e-05,0.000236955229553982
117,4.32483912500203e-05,1.85626019854421e-05,0.000225385498691191
118,4.13671124075e-05,1.90378502661046e-05,0.00023468475811733
119,4.1486759669133e-05,1.87512322480476e-05,0.000215323278699544
120,4.24256602316648e-05,1.86461599322663e-05,0.000225433225877908
121,4.25127427704867e-05,1.85356806054463e-05,0.000215806976058986
122,4.03337225594986e-05,1.863443196283e-05,0.000220583615986548
123,4.03882961636378e-05,1.85740804308389e-05,0.000211532468664744
124,4.16298141958362e-05,1.90441974791128e-05,0.000215046371950828
125,4.19629132906613e-05,1.84711139842104e-05,0.000208678383264682
126,4.02044868476979e-05,1.88007363312839e-05,0.000207186192003524
127,4.04332305049034e-05,1.86598165061788e-05,0.000232129247726796
128,4.21476313289719e-05,1.83949049902153e-05,0.000225845703667971
129,4.0397038753698e-05,1.86938749012443e-05,0.000206394953724642
130,3.90612109753305e-05,1.84623666341732e-05,0.000210193462686363
131,3.76062063675549e-05,1.84883346405943e-05,0.000210006960072686
132,4.05219413672853e-05,1.86140984334173e-05,0.000204585937503986
133,3.93894495137513e-05,1.86129964603054e-05,0.000190354342831345
134,3.81040968654967e-05,1.86412467090498e-05,0.000202460751925128
135,3.70654938324308e-05,1.878487211461e-05,0.000212416541742207
136,4.07693326262959e-05,1.83311394631123e-05,0.000221507136700087
137,3.93677807428852e-05,1.84709034136825e-05,0.00019666466674989
138,3.82801472887136e-05,1.84446622108932e-05,0.000214804442168911
139,3.68689435486498e-05,1.8346904031895e-05,0.000204159807753888
140,3.97854225174792e-05,1.85408873792233e-05,0.00022202847137642
141,3.87497360187707e-05,1.84807015781482e-05,0.00020485049121542
142,3.76194089937333e-05,1.87091309098958e-05,0.000207849173919966
143,3.64602000608615e-05,1.8840962043076e-05,0.000189922891301724
144,4.59743696076343e-05,1.84036779782583e-05,0.000223583586865974
145,4.40787056231736e-05,1.84600867367167e-05,0.000211760106912356
146,4.31765523171705e-05,1.85955447514335e-05,0.000214029315335654
147,4.15722387778103e-05,1.84265739102714e-05,0.000206551991981127
148,4.37929219161011e-05,1.86508764394305e-05,0.000221418910430772
149,4.26873022829909e-05,1.86992734189648e-05,0.000216788058847656
150,4.19041855541512e-05,1.87400049681733e-05,0.000220221523227445
151,4.08537400128235e-05,1.88459532703857e-05,0.000210587914185714
152,4.41164864738597e-05,1.85873584141015e-05,0.000232360395238081
153,4.25091422633005e-05,1.85379295414481e-05,0.000215438352550936
154,4.22595011135343e-05,1.84946380792329e-05,0.000211071816557918
155,4.05686725317345e-05,1.84461499227615e-05,0.000196449139234493
156,4.26524200135168e-05,1.8510323767874e-05,0.000239291734308002
157,4.15055935732318e-05,1.86056508351682e-05,0.000213621740992421
158,4.13087466357968e-05,1.89030724047763e-05,0.000215161350551572
159,3.99602054093304e-05,1.86513501492002e-05,0.000209241318652267
160,4.01056701547442e-05,1.85745181419232e-05,0.000222882107975885
161,3.8667585593767e-05,1.87003089717771e-05,0.000261321147980893
162,3.74723772618848e-05,1.86758367573198e-05,0.000240267439011806
163,3.62764949433606e-05,1.86195193128775e-05,0.00021315214374069
164,3.89442915961245e-05,1.86864795386113e-05,0.000217933259347902
165,3.81504402274063e-05,1.88569509759233e-05,0.0002030980379735
166,3.68446222642627e-05,1.89540234081791e-05,0.000202663450292904
167,3.60688313969023e-05,1.88945058357417e-05,0.000222152256384448
168,3.86751063281707e-05,1.84109287715303e-05,0.000223683924128938
169,3.76009874964912e-05,1.84904470244992e-05,0.000212147423572628
170,3.6654252802618e-05,1.86398206401672e-05,0.000211411102126958
171,3.55676739279255e-05,1.85303897123277e-05,0.000224730887863672
172,3.79524510396147e-05,1.86362628454508e-05,0.000204745074825144
173,3.72141050357551e-05,1.86803635731527e-05,0.000211442488054357
174,3.62263123029898e-05,1.87405880169016e-05,0.000217787376823947
175,3.5340539218661e-05,1.87718838412004e-05,0.000209214538659516
176,4.38692485482782e-05,1.8450441299893e-05,0.000203022773763493
177,4.25106844672724e-05,1.84872131431529e-05,0.000214214977749259
178,4.15944344991109e-05,1.85112875403415e-05,0.000214867276387242
179,4.04064104492615e-05,1.85286924740731e-05,0.000236268618350135
180,4.23880184588931e-05,1.87412369102458e-05,0.000196763006496241
181,4.1812105108611e-05,1.87441117126889e-05,0.00021225931852451
182,4.08567497909312e-05,1.89069296953243e-05,0.000212789635875834
183,4.01866208305699e-05,1.86798563332492e-05,0.000211907988189509
184,4.21205419955111e-05,1.83437726704135e-05,0.000223907231252538
185,4.10568029870246e-05,1.85499585456961e-05,0.000220226719843822
186,4.07112055312181e-05,1.84973310680714e-05,0.000222007322723089
187,3.94953386780283e-05,1.85257532445453e-05,0.000214840104924161
188,4.11090305386645e-05,1.87247989269794e-05,0.000215839804924683
189,4.04482564007489e-05,1.86316551100078e-05,0.000207158452046658
190,4.01727867340184e-05,1.88016830066795e-05,0.000214429099265477
191,3.92178569743132e-05,1.87188064606678e-05,0.000205189184073104
192,4.03605742128201e-05,1.86992111626364e-05,0.000220278457814673
193,3.93447368669541e-05,1.87967349259677e-05,0.000216467066043863
194,3.75618795958456e-05,1.87099007747004e-05,0.000216310350333482
195,3.6795900868798e-05,1.87155477838806e-05,0.000222083607038029
196,3.89898753446421e-05,1.87510005088629e-05,0.000215692787055021
197,3.83580715658397e-05,1.87528347682781e-05,0.000210195980472384
198,3.67601358029388e-05,1.90837323710336e-05,0.00021505735178493
199,3.62276635789492e-05,1.88263204599618e-05,0.000223903032084791
200,3.86332501370129e-05,1.85132218381742e-05,0.000218685482598993
201,3.80627654982465e-05,1.84725634738962e-05,0.000211060454110832
202,3.62945376077696e-05,1.86347352715864e-05,0.000209210708123745
203,3.57027476427668e-05,1.86341026145738e-05,0.00022408076624009
204,3.77310788216018e-05,1.85112831553823e-05,0.000221801943008658
205,3.73449250587296e-05,1.86880026342034e-05,0.000202598453582122
206,3.56952773801034e-05,1.88215496241665e-05,0.000204077813873752
207,3.52151025342854e-05,1.87038272352901e-05,0.000203486394735163
208,4.36928852033048e-05,1.8684436082546e-05,0.000218826126298849
209,4.2519827852598e-05,1.83978039414176e-05,0.000221017519198672
210,4.11285205789809e-05,1.86888372357473e-05,0.000254646701436089
211,4.02508570947479e-05,1.8732275897709e-05,0.000246409265249915
212,4.16545246628307e-05,1.85596016326952e-05,0.000238543912191522
213,4.10433525960434e-05,1.85259194615413e-05,0.000224403472134573
214,3.99195913926733e-05,1.88625313304342e-05,0.00023511485713064
215,3.94076582441457e-05,1.87745466590359e-05,0.00021662063033182
216,4.15077224076592e-05,1.86105849211451e-05,0.000268392405611179
217,4.07579648575997e-05,1.85805231273912e-05,0.000220740772608748
218,3.96977827795938e-05,1.85894322208411e-05,0.000220716421884666
219,3.89214432506535e-05,1.86619647607439e-05,0.000219326752206102
220,4.00583795014089e-05,1.85957081080298e-05,0.000226168396378439
221,3.9599921972725e-05,1.86274146494118e-05,0.000213540231188157
222,3.87541882130527e-05,1.89080592791737e-05,0.000216394385152024
223,3.81780805727959e-05,1.87238301052093e-05,0.000219719708146176
224,3.90389069564524e-05,1.86564868653617e-05,0.000251775531656647
225,3.81293366740063e-05,1.87091277154834e-05,0.00024293142427913
226,3.65210935596319e-05,1.87567511466199e-05,0.000261774345795397
227,3.585804834349e-05,1.86814200134723e-05,0.000227616356454442
228,3.80883220686815e-05,1.87203644678567e-05,0.000233985457942476
229,3.76553321717164e-05,1.87408122638827e-05,0.000242863340246291
230,3.60558499164963e-05,1.8807786737946e-05,0.000226165121477786
231,3.57029020473417e-05,1.87424046810128e-05,0.000221160072407452
232,3.72649660351172e-05,1.87419339276512e-05,0.000214686988715305
233,3.68391206665333e-05,1.86258070943793e-05,0.000219555899240602
234,3.52700753035018e-05,1.85105113494426e-05,0.000240742524699159
235,3.48617515928254e-05,1.85920183987746e-05,0.00021300518499793
236,3.66684148308869e-05,1.86223742784806e-05,0.000242171917645087
237,3.64371906400193e-05,1.86613345011183e-05,0.000223815658928946
238,3.49644699806566e-05,1.87866730293644e-05,0.00020373380940794
239,3.4668058032787e-05,1.88404193433824e-05,0.000241509441483551
240,4.25051828695586e-05,1.85387912531562e-05,0.000222597712344151
241,4.16042441415791e-05,1.85197606688835e-05,0.000237020300030334
242,4.02592505388805e-05,1.86908445102839e-05,0.00023618962057477
243,3.95998929025785e-05,1.86751214387392e-05,0.000255054761731232
244,4.10517973717197e-05,1.86446870907042e-05,0.000212350951318494
245,4.07823568298814e-05,1.8541331441989e-05,0.000220121397572661
246,3.95483403651716e-05,1.89088843086759e-05,0.000229406669976827
247,3.93039934839005e-05,1.86232248952067e-05,0.000239398327334593
248,4.04122702515532e-05,1.86492173781052e-05,0.000245858729475302
249,3.99881371699226e-05,1.85856022783203e-05,0.000224800517554694
250,3.8922076561702e-05,1.86229220790192e-05,0.000220594880781917
251,3.84535037224501e-05,1.8674183316897e-05,0.00024422325163819
252,3.93998017491727e-05,1.87106358938329e-05,0.000243820111627239
253,3.9258839853846e-05,1.85420818531192e-05,0.000223090991812052
254,3.84134637266936e-05,1.89742704752118e-05,0.000210118458143504
255,3.81270163595239e-05,1.9003114381563e-05,0.000206337102099093
256,4.66591223334085e-05,1.81328706716852e-05,0.000217874119953659
257,4.45181050788224e-05,1.8191019054482e-05,0.000202192563085031
258,4.24167784120347e-05,1.86154076722348e-05,0.000213596709005111
259,4.07096415177382e-05,1.85971291853195e-05,0.000208300663365631
260,4.4538173450026e-05,1.85023743685437e-05,0.00020654537191919
261,4.32543174691918e-05,1.85385168504565e-05,0.000208514896457839
262,4.13450045446008e-05,1.87815742731466e-05,0.000209095493050373
263,4.02437413829017e-05,1.8638825233327e-05,0.00021752203431778
264,4.44802773131683e-05,1.83905934568605e-05,0.0002183034344173
265,4.31539510202876e-05,1.85099047505845e-05,0.000204909359463578
266,4.09341563618021e-05,1.85270157272424e-05,0.000202671691200023
267,3.96736402649921e-05,1.84139043856482e-05,0.000204495166414538
268,4.3535321325702e-05,1.85429806637818e-05,0.000225872501861454
269,4.28548722164117e-05,1.83290470930355e-05,0.000201331209417378
270,4.05537166945723e-05,1.8717758437827e-05,0.000208635764389081
271,3.97641628922676e-05,1.87512357719047e-05,0.000200360984774825
272,5.10017336649631e-05,1.82667618051487e-05,0.000237594584791541
273,4.82882229317103e-05,1.85098041255752e-05,0.000205795998256724
274,4.66292291351669e-05,1.86400533682648e-05,0.00021702866760878
275,4.44912052173583e-05,1.84375115508916e-05,0.000237812375666201
276,4.76098643440017e-05,1.86777712619837e-05,0.000236539940952501
277,4.59575236286819e-05,1.84861112268696e-05,0.000218024477707199
278,4.47084173624055e-05,1.87756444226879e-05,0.000235089510240735
279,4.33530690044538e-05,1.8573037108624e-05,0.000218929542775199
280,4.80047709755443e-05,1.85040641286117e-05,0.000221822586088046
281,4.61783310784304e-05,1.82921668899892e-05,0.0002122991817484
282,4.48034742956847e-05,1.85851276839869e-05,0.000215529425895872
283,4.30810482920043e-05,1.82737375365528e-05,0.000201171912901576
284,4.59445103979606e-05,1.87043528942328e-05,0.000242153836769666
285,4.48505643826562e-05,1.83026961297261e-05,0.000215308993730515
286,4.3682893009949e-05,1.87458213449736e-05,0.000238805070198716
287,4.25359266433985e-05,1.87116315053393e-05,0.00021915357021801
288,4.3134919333667e-05,1.84031201684412e-05,0.000206996680101878
289,4.1525506135351e-05,1.82780363896469e-05,0.00023239292023771
290,3.98584014300698e-05,1.87953572132607e-05,0.000236747996668117
291,3.85762804375189e-05,1.86909303487906e-05,0.000211436840899282
292,4.18297619942741e-05,1.85425274532884e-05,0.000204198841322393
293,4.09095082538561e-05,1.85200172217609e-05,0.000203195526048236
294,3.93885219021318e-05,1.88361257433377e-05,0.000204508102044741
295,3.85823482587573e-05,1.86629416602554e-05,0.000207761464436941
296,4.14934555017302e-05,1.83982401161678e-05,0.00021346734335482
297,4.06079079253836e-05,1.82711018754679e-05,0.000204620248459213
298,3.8849621487076e-05,1.87021827878211e-05,0.000208990794976053
299,3.79854763726981e-05,1.85561310772717e-05,0.000199952900958264
300,4.10233007174005e-05,1.86793218979878e-05,0.000205948104631959
301,4.05722496218009e-05,1.84723970603556e-05,0.000204968760269968
302,3.88818555783509e-05,1.87961704947996e-05,0.000201690147569682
303,3.83103265711204e-05,1.8636563181448e-05,0.000201771003428146
304,4.69119321141332e-05,1.83854208768174e-05,0.000208056921966259
305,4.50643308006082e-05,1.84370331684846e-05,0.00021244620406847
306,4.37602117378569e-05,1.85928482821954e-05,0.000209348473098351
307,4.22570599732032e-05,1.87142441895649e-05,0.000215357583479233
308,4.46996301054539e-05,1.87365570779978e-05,0.000209289658225665
309,4.36694352325809e-05,1.84098623872831e-05,0.000216871470399118
310,4.27496132845649e-05,1.89865660932841e-05,0.000209434005878735
311,4.1824978342425e-05,1.8730115299521e-05,0.000211207779745997
312,4.48555539204012e-05,1.8613639484706e-05,0.000214788807720726
313,4.37753510162561e-05,1.83940779652456e-05,0.000212827376088438
314,4.26685171585227e-05,1.86848580975653e-05,0.00020363968594449
315,4.15323667406037e-05,1.84041003688408e-05,0.000209853256767575
316,4.35626943547901e-05,1.86498458179713e-05,0.000227668399608864
317,4.29550265421414e-05,1.83282004370997e-05,0.000208221310279453
318,4.22259382671619e-05,1.87642874025816e-05,0.000214023544112739
319,4.14380147385394e-05,1.85960564114813e-05,0.000196743116653643
320,4.37766555273565e-05,1.81799466737746e-05,0.00020885447154633
321,4.27631990503987e-05,1.82460459959415e-05,0.000227836579225634
322,4.03595823539145e-05,1.86513874062254e-05,0.000247704363905845
323,3.96038330418718e-05,1.84606973825382e-05,0.00024572575468753
324,4.24504410643403e-05,1.84273884808603e-05,0.000223491203738158
325,4.18756460775122e-05,1.84317140952232e-05,0.000216105132113383
326,3.99261274950034e-05,1.88263416208697e-05,0.000230540798472935
327,3.94568846600821e-05,1.86061348342717e-05,0.000251659525025921
328,4.15633562491317e-05,1.83340063592583e-05,0.000217862276794447
329,4.12706237732821e-05,1.82147021913196e-05,0.000212887143993779
330,3.85605342346237e-05,1.86985012796531e-05,0.000221054003978219
331,3.82467128266043e-05,1.8492262553404e-05,0.000214708283236581
332,4.1017175345075e-05,1.84117770860711e-05,0.000232616462043738
333,4.10311494994998e-05,1.83001008280447e-05,0.000204497636695709
334,3.85537305324211e-05,1.88140719273383e-05,0.00022667590332834
335,3.84613600912019e-05,1.86219297918812e-05,0.000211588457088535
336,4.73037614486797e-05,1.83578560777133e-05,0.000216230271234217
337,4.6015710429085e-05,1.83421992036688e-05,0.000238142727151645
338,4.38292557054873e-05,1.85401269934257e-05,0.00025254020005432
339,4.29107957978431e-05,1.85175765854522e-05,0.000269195639870573
340,4.47324862902199e-05,1.83626220330633e-05,0.000263870372105121
341,4.40472973521319e-05,1.83486872625676e-05,0.000227826675568471
342,4.2525194693251e-05,1.87711040122635e-05,0.00024682581296771
343,4.20324325990189e-05,1.86777376230709e-05,0.000235855375814272
344,4.45004029971583e-05,1.83782089313894e-05,0.000250834943903096
345,4.39993413338084e-05,1.84052994406654e-05,0.000226172302043407
346,4.18264797109951e-05,1.86315065268817e-05,0.000211543097530238
347,4.13443590112322e-05,1.85221040475797e-05,0.000233385281936456
348,4.28675652540095e-05,1.84979528011398e-05,0.000252121246408606
349,4.27436685483143e-05,1.85498006585179e-05,0.000237145269158212
350,4.10694658107837e-05,1.90426796063175e-05,0.000248813074625195
351,4.08927253184243e-05,1.86075246693819e-05,0.000229927546053857
352,4.14066098434786e-05,1.84075961733773e-05,0.000229714004322767
353,4.07898832055177e-05,1.83393370618576e-05,0.000227920762660622
354,3.85993967264451e-05,1.86642540300495e-05,0.000228035821089431
355,3.82114839377452e-05,1.85161823092511e-05,0.000244319451932034
356,4.08185858817953e-05,1.86626268822073e-05,0.000228108523983773
357,4.05660116744155e-05,1.82928388810759e-05,0.000226971036722416
358,3.87495840107333e-05,1.87450400221223e-05,0.000230968856722566
359,3.86167398354768e-05,1.86837744991466e-05,0.000236169696948903
360,3.96726319453408e-05,1.83815242043245e-05,0.000227098945841384
361,3.97416993600206e-05,1.83033059477973e-05,0.000218531183501096
362,3.72774415268312e-05,1.85111306965194e-05,0.000226337130713897
363,3.73359820331762e-05,1.8343584397617e-05,0.000243068772677935
364,3.9630621902874e-05,1.83332340593449e-05,0.000220401248515234
365,3.98584791721994e-05,1.82401559127579e-05,0.000211985785258916
366,3.77355084214538e-05,1.88098712479294e-05,0.00021654817876157
367,3.79130021344893e-05,1.87620632309529e-05,0.00025554830164637
368,4.46732537506302e-05,1.83356315836773e-05,0.000209521055611451
369,4.4043495004989e-05,1.82968082182231e-05,0.000252475403598899
370,4.20048960828514e-05,1.85428590013149e-05,0.000232877669690503
371,4.16191882917265e-05,1.84404385501057e-05,0.000236967300982163
372,4.30933178685805e-05,1.8388489314248e-05,0.000228268575509238
373,4.29383096862229e-05,1.83799493985852e-05,0.00022920037051181
374,4.15159121415144e-05,1.8735199173676e-05,0.000222614372626601
375,4.14698786220388e-05,1.86670084349672e-05,0.000227802099863602
376,4.26899268651732e-05,1.85427938575154e-05,0.000220235359249841
377,4.28259256656509e-05,1.84168158324231e-05,0.000214690017067487
378,4.070768650494e-05,1.86191930268998e-05,0.000223401504801214
379,4.07769741135536e-05,1.83572510557266e-05,0.000233065514331532
380,4.17577453299514e-05,1.86722894883831e-05,0.000245086182326661
381,4.20885157372747e-05,1.84577482316555e-05,0.000217836062957888
382,4.06135938224787e-05,1.8722819099919e-05,0.000224787940570997
383,4.0851754231565e-05,1.85831927468393e-05,0.000209761356223109
384,4.18540730718951e-05,1.83138943422947e-05,0.00020066784349455
385,3.97974423610305e-05,1.86365520037536e-05,0.000198651924258456
386,3.87891230457706e-05,1.86305904680442e-05,0.000213779230627981
387,3.70094962785146e-05,1.85816725437616e-05,0.000211638852859028
388,3.98943479284566e-05,1.86031757281043e-05,0.000201122573026069
389,3.85381905075623e-05,1.86868109768568e-05,0.000196035441955275
390,3.75964860939939e-05,1.88100089570994e-05,0.000205407193040212
391,3.630714089591e-05,1.86235150851868e-05,0.000210692438496201
392,4.04853405919714e-05,1.83447346137321e-05,0.000227806331198964
393,3.89066608496574e-05,1.85124920634129e-05,0.000206488363802953
394,3.80644180072939e-05,1.84057697466454e-05,0.000208781163927457
395,3.64454808823075e-05,1.860180217192e-05,0.000193176584487951
396,3.92417952301979e-05,1.84915983391665e-05,0.000217575142085479
397,3.81851819475089e-05,1.83578774665939e-05,0.000207766001942338
398,3.72130844181548e-05,1.8741077645952e-05,0.000224791758532485
399,3.59829570901772e-05,1.87684566882822e-05,0.000195490780123939
400,4.59206786994237e-05,1.84060255674939e-05,0.000202656153098368
401,4.34176843685248e-05,1.84651217657509e-05,0.000213296571062683
402,4.30119152889734e-05,1.85394181111641e-05,0.000213182589439838
403,4.0846516679682e-05,1.86648645787089e-05,0.000210433285668316
404,4.30368840578078e-05,1.85891751355341e-05,0.00021773569440239
405,4.14253337216981e-05,1.84749656291214e-05,0.000203611819539112
406,4.11501475134487e-05,1.87373044961293e-05,0.00020701629608962
407,3.96389451600773e-05,1.8776865305738e-05,0.000210432555684272
408,4.39625585233417e-05,1.84964470651241e-05,0.00022277313282198
409,4.1930100589508e-05,1.85820735127272e-05,0.000211382615611153
410,4.21145319149692e-05,1.856045697231e-05,0.000201506315033216
411,4.00129867839023e-05,1.85287028031553e-05,0.000209397222785766
412,4.19135773324961e-05,1.8637382004405e-05,0.000231174583096733
413,4.05014392204403e-05,1.86335269296224e-05,0.000209180468398062
414,4.06587406753663e-05,1.88740748161261e-05,0.000216078244736432
415,3.90580024733395e-05,1.88208327432873e-05,0.000199450028652242
416,3.93823256220916e-05,1.85238650710355e-05,0.000225545404523875
417,3.77639227799109e-05,1.8523725206229e-05,0.000212389612129158
418,3.69855876114682e-05,1.85235063856032e-05,0.000215298563256775
419,3.55941103545326e-05,1.86785937366074e-05,0.000234649176399172
420,3.80887520158771e-05,1.85745463950157e-05,0.000200282793112728
421,3.70988788723082e-05,1.86811036934485e-05,0.000224070449941176
422,3.62934559127421e-05,1.87691457130098e-05,0.000203889272601958
423,3.53356666286089e-05,1.88020129145026e-05,0.000209529474260068
424,3.8208040385081e-05,1.84204608165305e-05,0.000205641016438021
425,3.70309392823635e-05,1.85301175246269e-05,0.000221288260361616
426,3.64071911742845e-05,1.86022373332198e-05,0.000237168382310105
427,3.51937865371123e-05,1.86482014565416e-05,0.000212542616817329
428,3.73799543523897e-05,1.86287569215738e-05,0.000216490970208675
429,3.66074600455846e-05,1.84065513265564e-05,0.000210073788173083
430,3.59310014596315e-05,1.88352708998196e-05,0.000203802124203548
431,3.50016995453748e-05,1.88526019298599e-05,0.000201551274729991
432,4.31419394424101e-05,1.84202105306473e-05,0.00020973383405715
433,4.13621208868039e-05,1.84955506923126e-05,0.000239605290245565
434,4.10683333622596e-05,1.85076647404194e-05,0.000230372081664084
435,3.94889187161597e-05,1.84966200733284e-05,0.000215253011739144
436,4.12235689316206e-05,1.88324144122772e-05,0.000203170869310576
437,4.02150688529782e-05,1.86249446887888e-05,0.000205812106094421
438,3.99766759190915e-05,1.88126588718581e-05,0.000202930536767108
439,3.89443302843031e-05,1.87207707747869e-05,0.000202802069089625
440,4.1631412346832e-05,1.84039574878531e-05,0.000229981230844408
441,4.02656555425187e-05,1.84273589673502e-05,0.000220638356521342
442,4.04600921934729e-05,1.85794613962261e-05,0.000211944902966709
443,3.89483250584566e-05,1.84642173271045e-05,0.000205797189494728
444,4.02404842304649e-05,1.85310864596181e-05,0.000234701086026613
445,3.93451449239623e-05,1.84794878942273e-05,0.000215286934603057
446,3.96154372530205e-05,1.87731238025873e-05,0.000204231413025585
447,3.8464483129001e-05,1.87920036694589e-05,0.000202859189247099
448,3.96745149065819e-05,1.82163112433139e-05,0.000220998457421564
449,3.85563553594705e-05,1.82559148238233e-05,0.00022231582283143
450,3.70877707767223e-05,1.86630844243073e-05,0.000215514225849494
451,3.61530628644022e-05,1.86706746385919e-05,0.000248070276174107
452,3.82423117933619e-05,1.84622100529754e-05,0.000218141921447333
453,3.74983820778798e-05,1.82911719552321e-05,0.000223763901929666
454,3.63308313207443e-05,1.89254439668135e-05,0.000226303386755334
455,3.56374966357097e-05,1.88313116437781e-05,0.000226961430567541
456,3.80565771372576e-05,1.84353573708127e-05,0.000212818630946964
457,3.74442931198521e-05,1.84638734740038e-05,0.000235678851360911
458,3.591653815768e-05,1.8633842837473e-05,0.000248498548468505
459,3.52269745166061e-05,1.85201978939689e-05,0.000227527994792353
460,3.70997866332044e-05,1.84614209120456e-05,0.000219586790240202
461,3.67292619507724e-05,1.85614300795246e-05,0.00020284667393952
462,3.53536095879616e-05,1.86829994393529e-05,0.000217320332475906
463,3.48417370890235e-05,1.88479451909563e-05,0.000195060981103223
464,4.30886279840876e-05,1.84352588011822e-05,0.000241013892418404
465,4.16970651090914e-05,1.84324648475329e-05,0.000226749853881666
466,4.06661664449711e-05,1.87604157477444e-05,0.000247153682895205
467,3.952802892939e-05,1.86546903136457e-05,0.000255532363344178
468,4.07158639099175e-05,1.84334500970374e-05,0.000229120431735199
469,3.98714412281976e-05,1.84702715807365e-05,0.000222731523187423
470,3.92205855768391e-05,1.89569456177113e-05,0.000232507294241476
471,3.84633419167995e-05,1.87661223172984e-05,0.000236907010053752
472,4.10154479635601e-05,1.84892296401008e-05,0.00021531267259832
473,4.01413875669182e-05,1.8431448184147e-05,0.000224450964272151
474,3.93793900420184e-05,1.86678728171713e-05,0.000222554258722813
475,3.84353188532744e-05,1.8758641034222e-05,0.00023010174207496
476,3.92559059364324e-05,1.84305841833974e-05,0.000236405295999219
477,3.87196048243415e-05,1.85664796264462e-05,0.000221512960474039
478,3.82154021886519e-05,1.89764955227509e-05,0.000228668054374942
479,3.75469956283522e-05,1.8719344372886e-05,0.000217659744702943
480,3.80758651138702e-05,1.83495957928782e-05,0.000230627477987642
481,3.72306947232049e-05,1.84472817331495e-05,0.000229422621276674
482,3.5913722921488e-05,1.87253775283164e-05,0.000238643212273493
483,3.52603716834604e-05,1.86284309619155e-05,0.000263810212196409
484,3.72486801081972e-05,1.85316537224157e-05,0.000227039636675152
485,3.67763675795182e-05,1.8466223950736e-05,0.000224359919473309
486,3.56469665312502e-05,1.88524716428097e-05,0.000228070252410577
487,3.52537209357151e-05,1.85908827555007e-05,0.00025093699184665
488,3.66419831174918e-05,1.85255873483134e-05,0.000236402158252789
489,3.63097285637185e-05,1.85144397840174e-05,0.000226626680515691
490,3.4930021213932e-05,1.85369728699501e-05,0.000242825464088167
491,3.45667811674071e-05,1.85482176441738e-05,0.000258328900258865
492,3.61236689305643e-05,1.85894677773755e-05,0.000230418334298764
493,3.59625118219123e-05,1.84684030196741e-05,0.000256221297277095
494,3.47830072179632e-05,1.86711632676555e-05,0.000234656795547859
495,3.45500856482958e-05,1.85601637398173e-05,0.000231799172377269
496,4.1428924894023e-05,1.85685456595908e-05,0.000221342049458918
497,4.05293476526836e-05,1.84707188907055e-05,0.000235843256362001
498,3.95567191483172e-05,1.87345023657434e-05,0.000246133722741873
499,3.88530001405853e-05,1.85373675080926e-05,0.000244278092870876
500,3.98740609924234e-05,1.85375208692232e-05,0.00023972859912807
501,3.9487657754083e-05,1.82904228119038e-05,0.000234453348292361
502,3.88130307316272e-05,1.88032467706305e-05,0.000231390615326227
503,3.84736560931684e-05,1.86710535822894e-05,0.000225426091737041
504,3.97540212235426e-05,1.84128302447972e-05,0.000271395977496859
505,3.93893534686206e-05,1.84922394770853e-05,0.000218840221535708
506,3.85895955263264e-05,1.86148240686679e-05,0.000232983848725728
507,3.8133765825204e-05,1.85287701591722e-05,0.000223684479136029
508,3.86017350049347e-05,1.86092890895518e-05,0.000228573494374754
509,3.84821285442749e-05,1.83987302192295e-05,0.000212139838244245
510,3.80267264532801e-05,1.89101142999326e-05,0.000213929480224572
511,3.77764795355008e-05,1.85644570431774e-05,0.000231489462164477
512,4.7078147018783e-05,1.8811172747495e-05,0.000251549106193084
513,4.57458018252329e-05,1.85257540414876e-05,0.000211655677537144
514,4.27543520286004e-05,1.89758597785168e-05,0.000226694190061292
515,4.18928907257568e-05,1.84201343684424e-05,0.00020095356149767
516,4.55203342903124e-05,1.87176989857965e-05,0.000237777970328866
517,4.49764752336727e-05,1.87151945204971e-05,0.000204259207362342
518,4.20045683455255e-05,1.89527330708809e-05,0.000216439802023428
519,4.17469104471999e-05,1.85787865792684e-05,0.000220344555875658
520,4.52876921016316e-05,1.87846613627624e-05,0.000234578422733831
521,4.4607467241039e-05,1.83282262915742e-05,0.000200433299382429
522,4.13553331519815e-05,1.87402118295968e-05,0.000200834901402342
523,4.07901977403752e-05,1.8694248391517e-05,0.000198794809558983
524,4.49004757515761e-05,1.87884819731994e-05,0.000241859337161571
525,4.47460787134871e-05,1.83532349875762e-05,0.000213431774721301
526,4.12987498041019e-05,1.87433176136774e-05,0.000228792075064854
527,4.11446042520463e-05,1.86065125850367e-05,0.000222158842745988
528,4.95681521297287e-05,1.88429699117898e-05,0.000259305870310123
529,4.8422333797406e-05,1.83937508827019e-05,0.000212937720178942
530,4.5665614745763e-05,1.89501071316741e-05,0.000224786414022518
531,4.49469347702362e-05,1.8726917371227e-05,0.000212155088684307
532,4.73679901127486e-05,1.85788693267103e-05,0.00025352535668719
533,4.70468343735569e-05,1.86084786953943e-05,0.000228639982292532
534,4.46724486118292e-05,1.9004120449162e-05,0.000236023181273969
535,4.46327057429965e-05,1.86153482188243e-05,0.00021233715359671
536,4.72289756352946e-05,1.86512228645904e-05,0.000235062967567551
537,4.66608055158332e-05,1.83302420371563e-05,0.000221308981239086
538,4.40259464106298e-05,1.8703577658677e-05,0.000236686696827647
539,4.34783687626108e-05,1.87634883520379e-05,0.000219469179627847
540,4.61004338465506e-05,1.86642017135112e-05,0.000250574999571576
541,4.60379870983977e-05,1.8378552742586e-05,0.000222328562959877
542,4.36016830498741e-05,1.8897051339678e-05,0.000217532469174919
543,4.35046337614969e-05,1.88088059682872e-05,0.000213159099627284
544,4.45571529542917e-05,1.87460119922726e-05,0.00024561931702422
545,4.31866752412456e-05,1.8540631822463e-05,0.000232601105379623
546,4.08499387637685e-05,1.87098665642773e-05,0.000243464095545002
547,3.98582540926986e-05,1.86323347055643e-05,0.000231020381573449
548,4.31499807395897e-05,1.87433141937407e-05,0.000244652783699291
549,4.2492825658628e-05,1.87266980949579e-05,0.000231656000939096
550,4.01969693141749e-05,1.89449277910569e-05,0.000231771853123096
551,3.97062890914196e-05,1.8738882651431e-05,0.000217387891252377
552,4.27830264688199e-05,1.85114144025965e-05,0.000219672317390226
553,4.21668180380603e-05,1.84584065300264e-05,0.000217708007304985
554,3.95464550966923e-05,1.8742702511851e-05,0.000216014593915197
555,3.89906529447374e-05,1.85995384425117e-05,0.000192623851109462
556,4.22918439182548e-05,1.87708528923371e-05,0.000242706639471539
557,4.20537017147942e-05,1.86169150873121e-05,0.000203856783998147
558,3.94397993220842e-05,1.88076486846709e-05,0.000210015496517956
559,3.91276117063047e-05,1.83215176995822e-05,0.000215474889595321
560,4.71749999329289e-05,1.8620687019187e-05,0.000255601721955966
561,4.61190580095998e-05,1.85297824329565e-05,0.000241927536256922
562,4.38977473990758e-05,1.88255710127088e-05,0.000223918297893131
563,4.31104225088102e-05,1.87027453830826e-05,0.00021461028381626
564,4.53299377070506e-05,1.89299041780582e-05,0.00024672738856234
565,4.49783080648294e-05,1.86091154204615e-05,0.000221871213384012
566,4.31699500845513e-05,1.89221346185109e-05,0.000225848651265271
567,4.28983044298601e-05,1.87431243077924e-05,0.000207274227151265
568,4.51618560695489e-05,1.84804833701868e-05,0.000245451538445236
569,4.48070353986966e-05,1.84005500153294e-05,0.000221069626979363
570,4.25394041054737e-05,1.85650396095102e-05,0.000235892924203206
571,4.20749833106485e-05,1.85563589993904e-05,0.00020670990666057
572,4.41221240204587e-05,1.87076858737812e-05,0.000243108515690397
573,4.40896318226909e-05,1.86147793408358e-05,0.000206454647056569
574,4.22328773584572e-05,1.88373549627576e-05,0.000218573284641486
575,4.20056316322262e-05,1.87128822909135e-05,0.000203129751753855
576,4.43498911760997e-05,1.86195050502131e-05,0.000244611035580479
577,4.38005896666679e-05,1.85085324161983e-05,0.000210160034806453
578,4.05803426797469e-05,1.87840613502599e-05,0.00022209903477551
579,4.03178475268151e-05,1.89087335446571e-05,0.000215599042123586
580,4.30589283038911e-05,1.86875129563399e-05,0.000240826220812911
581,4.30131947111971e-05,1.85849962129147e-05,0.000220547418822879
582,3.99273233970361e-05,1.89558109816991e-05,0.00023596436111715
583,4.00329272429474e-05,1.8895563710205e-05,0.00022418842374224
584,4.24001630160694e-05,1.84964769439014e-05,0.000213359211571063
585,4.2526750730756e-05,1.85314677810617e-05,0.000215009226718649
586,3.8861562594633e-05,1.86783908564754e-05,0.000211013170155126
587,3.89709110900067e-05,1.85402447883362e-05,0.000218374075828094
588,4.19982276707539e-05,1.86871078975719e-05,0.000243121172850454
589,4.2430384049179e-05,1.86763285942615e-05,0.000216986880744835
590,3.87521367824958e-05,1.86882610716419e-05,0.000220558092919488
591,3.90935073854773e-05,1.88279122248219e-05,0.000226955249336084
592,4.67881514496855e-05,1.84695601049451e-05,0.0002338982876094
593,4.63408929747645e-05,1.82958353631342e-05,0.000231001265791272
594,4.32775731737543e-05,1.86236566143317e-05,0.00023691132270062
595,4.31112571884006e-05,1.86318052622594e-05,0.000244832321037839
596,4.47088885812188e-05,1.85946628668372e-05,0.000270894441830001
597,4.48068338268079e-05,1.84807661968841e-05,0.000243789521393174
598,4.2233675334316e-05,1.88734942786607e-05,0.000249342389020996
599,4.24997940768533e-05,1.88044105851729e-05,0.000237937225407473
600,4.4359485229925e-05,1.84736506879813e-05,0.0002384190422094
601,4.45556546129431e-05,1.84318828451639e-05,0.00021839003726111
602,4.13677813032414e-05,1.86838926953705e-05,0.000225097811469527
603,4.1503924707851e-05,1.87259808009737e-05,0.000226652300706731
604,4.31288389596267e-05,1.86168145756572e-05,0.000243463114409567
605,4.36115881373912e-05,1.85879833865036e-05,0.000227150702410761
606,4.07921861944104e-05,1.86798783914222e-05,0.000233368998028409
607,4.11846254004844e-05,1.88740105670889e-05,0.000234063680614172
608,4.27516110819676e-05,1.86276130933515e-05,0.000271553659464301
609,4.20412562616727e-05,1.86334085949222e-05,0.000247799969184291
610,3.93352155706925e-05,1.87230085227921e-05,0.00026507074529825
611,3.88704925761874e-05,1.87391022010282e-05,0.000226763045827521
612,4.1589196639262e-05,1.85380359702051e-05,0.000237637185832057
613,4.13915489222656e-05,1.85128543805088e-05,0.00024308597789268
614,3.88186695074358e-05,1.88375469642514e-05,0.000240369356156415
615,3.87134074745871e-05,1.8534912924706e-05,0.000220596963479898
616,4.08282307172914e-05,1.85219603742256e-05,0.000266507339116624
617,4.08982454012523e-05,1.85304634122423e-05,0.000215000510956885
618,3.77555055033457e-05,1.85540353298076e-05,0.000237870472286593
619,3.77929993881335e-05,1.85156664215887e-05,0.000208944378793569
620,4.03961875024914e-05,1.85000089564063e-05,0.00025424073857206
621,4.06781506432309e-05,1.85674127618201e-05,0.000236570386689111
622,3.76946574675195e-05,1.87838315918421e-05,0.000236972195560437
623,3.78662303081983e-05,1.85512230224011e-05,0.000212106823518117
624,4.5523883094475e-05,1.84539249333011e-05,0.000256648413299715
625,4.50295403328922e-05,1.84150576734789e-05,0.000249408345555183
626,4.23464318423602e-05,1.86201997597313e-05,0.000240786469971813
627,4.20415847501655e-05,1.85473082792252e-05,0.000231792267532405
628,4.369515539244e-05,1.86684062355047e-05,0.000240942595629004
629,4.37215780853406e-05,1.85898159749374e-05,0.000257100782136379
630,4.15543228515936e-05,1.8759754933724e-05,0.000236206349197035
631,4.16273384197445e-05,1.87391688033752e-05,0.000245167815445172
632,4.33762935481114e-05,1.83832082235763e-05,0.000261758457413798
633,4.36784721014176e-05,1.84114653102768e-05,0.000236812179094084
634,4.0738842411199e-05,1.85644362081407e-05,0.000224210899477788
635,4.08979768985763e-05,1.84436161309337e-05,0.000238358387991703
636,4.22314168444999e-05,1.86568998332575e-05,0.000257181090912927
637,4.26986064852039e-05,1.85295501909425e-05,0.000215751940998629
638,4.03289493092944e-05,1.87939806526729e-05,0.000218556108753339
639,4.06119501678858e-05,1.87966962098017e-05,0.000212391701057108
640,4.25996800128839e-05,1.87356522127146e-05,0.000215780638510401
641,4.11103947542578e-05,1.86290716963669e-05,0.000190426792225793
642,3.92222396118353e-05,1.88493128357905e-05,0.000204046704862483
643,3.80535966794287e-05,1.8614860914521e-05,0.000211455078166203
644,4.11503992745375e-05,1.86775265820589e-05,0.000220789789704051
645,4.02589827872141e-05,1.85244547885308e-05,0.00020738571081198
646,3.83929986590246e-05,1.88737375495335e-05,0.000213838377172935
647,3.76518850508222e-05,1.87431754332479e-05,0.000205876183311975
648,4.13776554826807e-05,1.88260670699603e-05,0.000216292230423229
649,4.03374854337722e-05,1.85058736445369e-05,0.000211316215936273
650,3.83953503366054e-05,1.89382868660404e-05,0.000213326656860349
651,3.73691604768452e-05,1.86349737865773e-05,0.000201237378840723
652,4.06451900426415e-05,1.87648769126815e-05,0.00023492376576992
653,3.99615602641966e-05,1.8625992245917e-05,0.000206794979808761
654,3.79186497546387e-05,1.90348921979744e-05,0.00022976838484546
655,3.71533801124282e-05,1.87951389293017e-05,0.000209670587550147
656,4.54269327426415e-05,1.87431974543459e-05,0.000246005333032349
657,4.39815904797348e-05,1.86024607906829e-05,0.000218446595027199
658,4.24952453139948e-05,1.89437416148045e-05,0.000228893989043348
659,4.13249011764958e-05,1.88074380158753e-05,0.000213295203208417
660,4.34928130341488e-05,1.87370015177489e-05,0.000237868342903383
661,4.27222928966212e-05,1.87227140991844e-05,0.0002241566643986
662,4.14587091561153e-05,1.91293102875859e-05,0.000236611074719486
663,4.08007165584302e-05,1.88012834092729e-05,0.000215125219158688
664,4.37642314340767e-05,1.8657019646045e-05,0.000235796331133481
665,4.26671151396616e-05,1.85430648826992e-05,0.000234470680300587
666,4.15291091962153e-05,1.90420737711967e-05,0.000241950350351047
667,4.0351328380065e-05,1.86731502306439e-05,0.000213274206835416
668,4.25082962172041e-05,1.87788283720952e-05,0.00024403581436198
669,4.17881241904397e-05,1.87534235474846e-05,0.000218469453512696
670,4.07613707720236e-05,1.90886688697318e-05,0.00023517218429973
671,3.98968916057588e-05,1.87671249611937e-05,0.000230849061896995
672,4.10195995782789e-05,1.87754521697696e-05,0.00027265305438125
673,3.94832887495309e-05,1.84007209908948e-05,0.00022819369742245
674,3.80685103525145e-05,1.87403691274691e-05,0.000234156497867606
675,3.68202189050683e-05,1.86609226390076e-05,0.000248982374831285
676,3.97035077665499e-05,1.88905313478546e-05,0.000236796535017335
677,3.87698446335119e-05,1.85898181640923e-05,0.000210382453137955
678,3.7324305458983e-05,1.89344407888806e-05,0.00022542284992892
679,3.64728518987456e-05,1.88096936150681e-05,0.000224244072421139
680,3.95577883725785e-05,1.8597455203186e-05,0.000228502320980704
681,3.8584833700262e-05,1.8368647749124e-05,0.000216950321135753
682,3.7080248205355e-05,1.88885068767821e-05,0.000204303423472221
683,3.61220875186076e-05,1.86000650748067e-05,0.000210297677501598
684,3.87999978961219e-05,1.88325097154153e-05,0.000240797672600314
685,3.81160252680403e-05,1.866593608239e-05,0.000206376844928011
686,3.66150993288479e-05,1.88367789421266e-05,0.000224336293581429
687,3.58222532057368e-05,1.86607781113297e-05,0.000204553693294777
688,4.41032744090912e-05,1.85753441234027e-05,0.000245046811431199
689,4.27346696700469e-05,1.86941555589343e-05,0.000209916707724145
690,4.1563370864029e-05,1.8758113869217e-05,0.000234862817085492
691,4.0394195787714e-05,1.86917447183721e-05,0.000231294094196743
692,4.24682826567411e-05,1.87304798803247e-05,0.000219565718823745
693,4.17532136927505e-05,1.86253341680553e-05,0.000235452789454271
694,4.07683906924743e-05,1.87649451988704e-05,0.000221250289521919
695,4.00391315872792e-05,1.87874719942715e-05,0.000213046328088154
696,4.23769549882748e-05,1.85530987627222e-05,0.000237276949414237
697,4.14934870801393e-05,1.84571843053409e-05,0.000212543604912463
698,4.05180685882407e-05,1.86142987082579e-05,0.000216970160326052
699,3.95025252513128e-05,1.85865037641924e-05,0.000232178965996038
700,4.12486322401954e-05,1.86093944933746e-05,0.000210930668801147
701,4.06502537883856e-05,1.86879109656054e-05,0.000230520385356331
702,3.99153692600883e-05,1.89351243296137e-05,0.00024232633114606
703,3.90825583699645e-05,1.88041806666779e-05,0.000223274853758763
704,4.09179424051331e-05,1.8788286761582e-05,0.000229047868670131
705,4.0022253220466e-05,1.85979283613129e-05,0.000226159390072005
706,3.77907761159202e-05,1.87372094005784e-05,0.00021872827246193
707,3.71170391925253e-05,1.89342266538297e-05,0.000233718121009689
708,3.95314939239102e-05,1.8625510642629e-05,0.000242939500765371
709,3.90280314048851e-05,1.85154604480833e-05,0.000218616874910106
710,3.69242011996489e-05,1.8773088186136e-05,0.000226897361332283
711,3.65101266680952e-05,1.87667946825009e-05,0.000217867293799327
712,3.93435804563689e-05,1.88976682089701e-05,0.000226965149160052
713,3.90111531840624e-05,1.86925586138951e-05,0.000251500159975901
714,3.65193163091815e-05,1.90266970374927e-05,0.000234048590230266
715,3.61256024077407e-05,1.88239258241319e-05,0.000217529255505968
716,3.85191516247008e-05,1.86951136568489e-05,0.000242928891473454
717,3.83689487005847e-05,1.85388531228152e-05,0.000234774018008158
718,3.59415150938377e-05,1.89896733195606e-05,0.000227486343554707
719,3.56672364821162e-05,1.8914822345164e-05,0.000208993641543374
720,4.37052173749466e-05,1.86969360643811e-05,0.00025463328351185
721,4.2722893429388e-05,1.84659955334076e-05,0.000223891663667659
722,4.08693178197066e-05,1.90281713070402e-05,0.000233874936431836
723,4.01244719381319e-05,1.86699637855552e-05,0.000228052757667232
724,4.16814756589691e-05,1.87289472799614e-05,0.000237425579425003
725,4.11907651590414e-05,1.86009547545999e-05,0.000241674567588192
726,3.96765511606527e-05,1.89404315552695e-05,0.000251052413962068
727,3.92777400564461e-05,1.8895619656301e-05,0.000247280379903426
728,4.16985684193962e-05,1.87123023956618e-05,0.000249589763246534
729,4.12266383189709e-05,1.8523847354538e-05,0.000243551025991376
730,3.94513441220389e-05,1.89483210322302e-05,0.000253334318635218
731,3.88961361326069e-05,1.8790468151416e-05,0.000228990799233739
732,4.02600740955405e-05,1.8880252290983e-05,0.000262404281123249
733,4.00093389740953e-05,1.84865953588297e-05,0.000241492980637199
734,3.85127187315283e-05,1.8895013704303e-05,0.000241950727020251
735,3.81262789734944e-05,1.89592594131358e-05,0.000214447369571756
736,4.00791590960302e-05,1.87664038483563e-05,0.000246758405969967
737,3.89443272749018e-05,1.87768822626975e-05,0.000280213989650856
738,3.71988471156811e-05,1.86794725574083e-05,0.0002527012783706
739,3.62962936909459e-05,1.8730071019648e-05,0.000262932746188875
740,3.87830744798142e-05,1.85415304322657e-05,0.000269567452207557
741,3.8123365970989e-05,1.87388720369546e-05,0.000231953574563196
742,3.64360702895561e-05,1.88106106102578e-05,0.000232406346195757
743,3.58470046412125e-05,1.86659285296371e-05,0.000257693668282393
744,3.82799212483988e-05,1.86593220798536e-05,0.000234577446200896
745,3.78252798928598e-05,1.88503891122227e-05,0.00023378000491365
746,3.58149771616263e-05,1.87967740404787e-05,0.000223898826896255
747,3.53344008123725e-05,1.87720461928472e-05,0.000254721878360229
748,3.74774501753464e-05,1.85043785782956e-05,0.000243797551432962
749,3.71894871228554e-05,1.86682730230336e-05,0.000273168343981291
750,3.53219123616813e-05,1.89605730849122e-05,0.000229641038587656
751,3.49278742192206e-05,1.87501909468243e-05,0.000234995171493657
752,4.33257516117024e-05,1.87029551223415e-05,0.000240413674087321
753,4.21967900768778e-05,1.86492601198296e-05,0.000243362672518046
754,4.06721498682921e-05,1.86350322063157e-05,0.00024512033836557
755,3.97617706022572e-05,1.8671590241842e-05,0.000248687500960841
756,4.1488393185872e-05,1.86607601220162e-05,0.000256624904787247
757,4.09158077280319e-05,1.87323688352914e-05,0.000230334522193164
758,3.96966066548444e-05,1.88765274890412e-05,0.000232594380069627
759,3.91557664376755e-05,1.88706881277381e-05,0.0002388598028503
760,4.12314342911268e-05,1.84973623048005e-05,0.000278279994130379
761,4.07746011165452e-05,1.87058798017257e-05,0.000237006718228682
762,3.92173654836066e-05,1.8575874023726e-05,0.000235999079125069
763,3.86649360118551e-05,1.85515280203491e-05,0.000226573921965706
764,3.99046834502421e-05,1.87587173590621e-05,0.000244361434986084
765,3.96341681899918e-05,1.87488281691689e-05,0.000268360653812211
766,3.84763741367082e-05,1.89718414571337e-05,0.000227734723206022
767,3.80342171884091e-05,1.88873711148643e-05,0.000239916698039925
768,4.58027317243013e-05,1.83686009794658e-05,0.000243813956538156
769,4.4462751725431e-05,1.8160070677951e-05,0.000209100307963578
770,4.15765819524273e-05,1.8665767483289e-05,0.00021956876276644
771,4.05597368249277e-05,1.84406954174692e-05,0.000217075612812018
772,4.42117579743956e-05,1.86491350585973e-05,0.00025646188587475
773,4.37165379647429e-05,1.84296316696807e-05,0.000220847193421179
774,4.0790723853607e-05,1.89897867895364e-05,0.000219000379745882
775,4.0390069662305e-05,1.87395335806231e-05,0.000211109655051156
776,4.43278738131007e-05,1.84297014249873e-05,0.000220105685080694
777,4.38455671086537e-05,1.83614152929924e-05,0.000214356010756161
778,4.04592927172557e-05,1.88188871531201e-05,0.000223373237234556
779,3.99453549611495e-05,1.86077693698096e-05,0.000202449182834696
780,4.3922955455574e-05,1.8616578532983e-05,0.000236795860730719
781,4.41055565813466e-05,1.84380044615327e-05,0.000215781759126442
782,4.03954478024893e-05,1.89916396605825e-05,0.000219655923667285
783,4.03677328986457e-05,1.88152323120601e-05,0.000206390826169708
784,4.87458248308054e-05,1.82855039743106e-05,0.000241286182315782
785,4.72062759921448e-05,1.81627029710669e-05,0.000219772296351452
786,4.46591055885372e-05,1.86094230245653e-05,0.000219660607452729
787,4.35030663071318e-05,1.85386721730694e-05,0.000218059851388796
788,4.61074932101531e-05,1.85611991661413e-05,0.000250888934769231
789,4.54619373029841e-05,1.84583385613554e-05,0.000223230113199192
790,4.32574892995202e-05,1.87796240822134e-05,0.00023699502270721
791,4.27957739806666e-05,1.86049872468017e-05,0.000228136642985015
792,4.65470594857623e-05,1.83766466509341e-05,0.00024091338387199
793,4.58379984390985e-05,1.81718162236977e-05,0.000220465186197438
794,4.32029248450857e-05,1.86632040523242e-05,0.000221292237871676
795,4.24518193424031e-05,1.86716750166557e-05,0.000203813625862937
796,4.50639553888501e-05,1.85546020787681e-05,0.000248793718937683
797,4.49787115453706e-05,1.82847921066212e-05,0.000228174225326985
798,4.24696470862312e-05,1.89380585953273e-05,0.000243933587106823
799,4.22300772647006e-05,1.87553292968091e-05,0.000221965017421389
800,4.30658813764398e-05,1.83724448622546e-05,0.000255204704567976
801,4.18783956368957e-05,1.82277714129876e-05,0.00023618132478152
802,3.96845257899404e-05,1.86734239442531e-05,0.000228521097834
803,3.87413431001238e-05,1.85527197209721e-05,0.000215373119443578
804,4.1838978001049e-05,1.8688636017372e-05,0.000232136494773785
805,4.13043583332987e-05,1.84231189502705e-05,0.000222264977216641
806,3.91730349842428e-05,1.88616997136656e-05,0.000213177930650268
807,3.86739374532449e-05,1.86558237611955e-05,0.000218034142676335
808,4.18278322788207e-05,1.82719338450833e-05,0.000242011072659897
809,4.15145972735831e-05,1.82441621362099e-05,0.000214263199873405
810,3.88223435429886e-05,1.85667957367312e-05,0.000203394263882571
811,3.84457633096828e-05,1.84848491244654e-05,0.000214385662194257
812,4.14682930259047e-05,1.87390587937131e-05,0.000234379435165819
813,4.15555140009e-05,1.84234878659896e-05,0.000215609285901391
814,3.88425155009978e-05,1.87490404737415e-05,0.00021119325485998
815,3.87132883704968e-05,1.87477151332768e-05,0.000199335220691007
816,4.58770181342542e-05,1.83391333568772e-05,0.000244443798549916
817,4.47297895070295e-05,1.81360663118679e-05,0.000244401341822817
818,4.27272615650729e-05,1.859231358544e-05,0.000210481369510409
819,4.1785717614828e-05,1.84300462344442e-05,0.000220502185938682
820,4.3877688336626e-05,1.8582644855731e-05,0.000237517023413079
821,4.3381009130556e-05,1.82837921541895e-05,0.000237274334085421
822,4.18401575889655e-05,1.89286213211826e-05,0.000210346467110914
823,4.13601349740506e-05,1.86819200212571e-05,0.000210542789577602
824,4.43108262245675e-05,1.84951990401983e-05,0.00022171070500637
825,4.40220721565574e-05,1.83217619020213e-05,0.000212235244612564
826,4.17779765190784e-05,1.85425399646632e-05,0.000204973991754871
827,4.13104131869332e-05,1.8465029324818e-05,0.000209294290280416
828,4.31127620609111e-05,1.85675557539708e-05,0.000237039431274781
829,4.31523062620711e-05,1.83670008313417e-05,0.000220165697520297
830,4.13506059313539e-05,1.87459446333237e-05,0.000213171401138876
831,4.11162067169216e-05,1.86532119781374e-05,0.000203643074371236
832,4.30340794200991e-05,1.81365612960173e-05,0.00021996818197198
833,4.2563907530997e-05,1.82250176419865e-05,0.000236432794818965
834,3.95347236553078e-05,1.84366681396074e-05,0.00023584124674714
835,3.9188610441869e-05,1.85444523074672e-05,0.000266645547810025
836,4.18660646659042e-05,1.85746301353317e-05,0.000250127113852299
837,4.18664110193564e-05,1.83651749808526e-05,0.000227271387967628
838,3.90436308366069e-05,1.89025098577634e-05,0.000242909651469824
839,3.90252155195328e-05,1.88060998718054e-05,0.000237008646156629
840,4.14534582555217e-05,1.8377255349273e-05,0.000223709574399752
841,4.17836163489077e-05,1.8244152269521e-05,0.000228441548616217
842,3.81086325902554e-05,1.87473914480511e-05,0.00022165110961252
843,3.82764147469392e-05,1.86385966729678e-05,0.000224659029732095
844,4.1114164826101e-05,1.86175996308581e-05,0.000253494917284332
845,4.17774665314836e-05,1.82220023441161e-05,0.000236923949066642
846,3.81199164550574e-05,1.88612956928147e-05,0.000237067707777039
847,3.85275496109135e-05,1.87866388080576e-05,0.000206930547774371
848,4.57937029748755e-05,1.81937696970992e-05,0.000247041918426672
849,4.527848482366e-05,1.80576246714575e-05,0.000243831263960718
850,4.23625299394144e-05,1.85249829407079e-05,0.00023966023702889
851,4.20202643935175e-05,1.86409103162699e-05,0.000243091812754272
852,4.35313280294831e-05,1.82953957720212e-05,0.000236391173306979
853,4.35215117292165e-05,1.83071293875108e-05,0.000248180688329237
854,4.11810669727005e-05,1.86677946173237e-05,0.000250404794731825
855,4.12211180968147e-05,1.87611062797409e-05,0.000271932531524848
856,4.36967620849261e-05,1.82265482762031e-05,0.000255770996031918
857,4.39829744294668e-05,1.82047646094587e-05,0.000233923972944457
858,4.07483636168431e-05,1.85339347281909e-05,0.000235402485154527
859,4.08675418104208e-05,1.86509283828843e-05,0.000238785438060455
860,4.22592272210141e-05,1.85079423959472e-05,0.000269067530436619
861,4.28332625974804e-05,1.84989342902976e-05,0.000249457534333255
862,4.00433810375922e-05,1.89561423594274e-05,0.00026964061295902
863,4.04103785870495e-05,1.88916905913825e-05,0.000233609410952928
864,4.13355248704655e-05,1.84686969717464e-05,0.000244679127568997
865,4.09487109678657e-05,1.8406406508885e-05,0.000263837780114457
866,3.8335624961374e-05,1.85869784628375e-05,0.000251599989758376
867,3.80437641305954e-05,1.84690668238962e-05,0.000245417596165041
868,4.04950458723146e-05,1.85165725864411e-05,0.000242318103983093
869,4.0472623974548e-05,1.85362530861711e-05,0.000253642794297359
870,3.81498810824985e-05,1.88281338995547e-05,0.000239386927257916
871,3.81055282549141e-05,1.87262540251825e-05,0.000247312303116013
872,4.00108900440404e-05,1.83801543784151e-05,0.00024473035926715
873,4.0476191738687e-05,1.82741609586977e-05,0.000237383609927652
874,3.72153675194394e-05,1.85349096423555e-05,0.000214093419925195
875,3.75137370380003e-05,1.83780094823384e-05,0.000243029565620833
876,3.97750286556152e-05,1.84932674370846e-05,0.00024250902023911
877,4.03693067182852e-05,1.84712378507757e-05,0.000244598090406451
878,3.74004451769433e-05,1.87809874683509e-05,0.000226272781180645
879,3.77721093602629e-05,1.87505359405589e-05,0.000237658937917395
880,4.4221929458054e-05,1.81964795316016e-05,0.000265631498755016
881,4.39963952464502e-05,1.82764597295376e-05,0.000246467234869309
882,4.13431522054358e-05,1.83980160149331e-05,0.000242184421799085
883,4.11812696387672e-05,1.83969440759691e-05,0.000266815334442176
884,4.2461072822094e-05,1.84766101946076e-05,0.00027090727075018
885,4.25952097534648e-05,1.82823287521158e-05,0.000236677000823201
886,4.06373559386971e-05,1.88100442409659e-05,0.000231971047280281
887,4.07306952126293e-05,1.87905296999425e-05,0.000236790547556814
888,4.27129248064185e-05,1.8292575328834e-05,0.000241101003141443
889,4.33871431796358e-05,1.84433382143618e-05,0.00022368733238257
890,4.02529011964491e-05,1.85237961056915e-05,0.000211370791798509
891,4.06613139921358e-05,1.84425427238155e-05,0.000241921575361664
892,4.1523244937668e-05,1.85558842223452e-05,0.000226915428184658
893,4.22528308818608e-05,1.84941765112422e-05,0.000243108005275579
894,3.98768996527361e-05,1.8807367352013e-05,0.000210094828427548
895,4.03343021419867e-05,1.86776184929356e-05,0.000224424112347912
896,4.10564164562639e-05,1.85034335063869e-05,0.000210040998082225
897,3.95617257820262e-05,1.85330509042783e-05,0.000210954728007265
898,3.78788732066452e-05,1.84781482553863e-05,0.000234621211232451
899,3.66007421484088e-05,1.85490983770497e-05,0.000228920318533882
900,3.95316785228684e-05,1.86604704479017e-05,0.000208239408734872
901,3.87004539397061e-05,1.8567272160358e-05,0.000208304849874141
902,3.6964652019545e-05,1.88422878828218e-05,0.000222710197636672
903,3.61548927653745e-05,1.88472206379987e-05,0.000213325960467054
904,4.01787090210033e-05,1.84861830261432e-05,0.000237682012439606
905,3.92226113350033e-05,1.86289555562754e-05,0.000234425177482947
906,3.73558748751888e-05,1.85801400241801e-05,0.000235114447462609
907,3.63225510535231e-05,1.87240704380645e-05,0.000209034204609291
908,3.93690430298243e-05,1.85579201235586e-05,0.000234331686961593
909,3.89243357076176e-05,1.87374524462861e-05,0.000222423009662959
910,3.68018522733877e-05,1.88528605086327e-05,0.000222803520781911
911,3.6139412780665e-05,1.89163045107315e-05,0.000200801509676826
912,4.40073020736164e-05,1.84567983107404e-05,0.000224691047663265
913,4.23175090506501e-05,1.85817970375575e-05,0.000233474033742628
914,4.11414490038062e-05,1.86069460456403e-05,0.000232607150836567
915,3.96820120153667e-05,1.84626967484348e-05,0.000221287181178922
916,4.17130915202527e-05,1.86762759292709e-05,0.000227022707225834
917,4.07512396708547e-05,1.87106082604782e-05,0.000219635678517149
918,3.97347861838058e-05,1.86850463170117e-05,0.00022080483921517
919,3.88223918639878e-05,1.89953614378725e-05,0.000216504936642104
920,4.25797764444063e-05,1.83038430428134e-05,0.000242904519314243
921,4.1369994622679e-05,1.85153026277466e-05,0.000217183910137129
922,4.04204170386612e-05,1.86341923421312e-05,0.000222466576952486
923,3.90829175725773e-05,1.85543192689109e-05,0.000237948635297369
924,4.09909474077747e-05,1.86199529209691e-05,0.000245655073179372
925,4.02823884804432e-05,1.87776610414695e-05,0.000234042187360126
926,3.93222051182986e-05,1.8756565389731e-05,0.000242302227469674
927,3.83947255178633e-05,1.87897362226567e-05,0.000207811184327564
928,3.92424083548831e-05,1.83730114763478e-05,0.000223692237309854
929,3.78494745326405e-05,1.86772975191501e-05,0.00024940081596965
930,3.66789693746599e-05,1.86883965318469e-05,0.000224557888649945
931,3.54753968190258e-05,1.85059474719958e-05,0.000233601199227844
932,3.80303808814125e-05,1.88321989381449e-05,0.000205241516697852
933,3.7201186636532e-05,1.84662104023362e-05,0.000203767236337267
934,3.60044037698785e-05,1.89881286979294e-05,0.000217397611145687
935,3.51716834037296e-05,1.87159394009043e-05,0.000234372770017567
936,3.83036586204295e-05,1.84887635516127e-05,0.00023408102545451
937,3.75090209809243e-05,1.86327249624806e-05,0.000235407484165329
938,3.61169892491031e-05,1.84504119063352e-05,0.000214366910099484
939,3.52560674154205e-05,1.85634820456735e-05,0.00020961024298579
940,3.75963294081379e-05,1.84510478268694e-05,0.000233149959758069
941,3.71447158167411e-05,1.8470955740544e-05,0.000234969431200349
942,3.56922552590075e-05,1.87591556869349e-05,0.00020754976690405
943,3.50428668138075e-05,1.88108993809001e-05,0.000207448616628991
944,4.22399431205379e-05,1.85206338971886e-05,0.000247975662481344
945,4.08398108880951e-05,1.83947374856909e-05,0.000237756233889567
946,4.00308549746712e-05,1.84841083578004e-05,0.000228376922486571
947,3.87695316992817e-05,1.85110540548771e-05,0.00023305333637688
948,4.04742234136938e-05,1.86852072534758e-05,0.000212563679510267
949,3.96684305866284e-05,1.86408820191958e-05,0.000233266612741092
950,3.90708079527652e-05,1.87388366574884e-05,0.000211885576911745
951,3.82141764051287e-05,1.88026528242387e-05,0.000221510939496709
952,4.10113272409637e-05,1.83557405165435e-05,0.000226862190374843
953,4.0164167472746e-05,1.84253542976757e-05,0.000235088848367341
954,3.94171628924119e-05,1.83657048990496e-05,0.000217945101739492
955,3.83831515692731e-05,1.82910953112773e-05,0.000217971752211148
956,3.97123041433246e-05,1.8493188568415e-05,0.000235824301766028
957,3.91761533448799e-05,1.85574831063811e-05,0.000230283350499617
958,3.86411608062419e-05,1.87033649594874e-05,0.00022282699921346
959,3.78261620915992e-05,1.87591496799275e-05,0.000212993659178861
960,3.90954761726729e-05,1.83953717863976e-05,0.000240465297021226
961,3.83226436625446e-05,1.85146351563679e-05,0.000242980879347584
962,3.6340313175203e-05,1.86265461368926e-05,0.000227798218379769
963,3.56574060899608e-05,1.83897434798766e-05,0.000249980594682649
964,3.7818784354553e-05,1.85181266284231e-05,0.000227563733354853
965,3.742314125453e-05,1.85052037948698e-05,0.000231480104696551
966,3.55960332842707e-05,1.88973230823662e-05,0.000235670337518502
967,3.51614364444504e-05,1.89347889921231e-05,0.000235167514014605
968,3.79333711856865e-05,1.8547157859172e-05,0.000237315986426506
969,3.77460222590624e-05,1.85962893884927e-05,0.000244006767311203
970,3.54060556938963e-05,1.88947988262574e-05,0.000237034259631762
971,3.50553356317193e-05,1.84689123873361e-05,0.000239021735341036
972,3.71599069045194e-05,1.86171108726509e-05,0.000240315105709199
973,3.72123382748075e-05,1.88171147332807e-05,0.000221778471300935
974,3.49053908461028e-05,1.88734636664865e-05,0.000221434943457635
975,3.47200491070531e-05,1.8765643808468e-05,0.0002027625121775
976,4.19184425189352e-05,1.83324731159864e-05,0.000234232049589224
977,4.10033706500463e-05,1.83011456006919e-05,0.000235528980753967
978,3.93888383175951e-05,1.86206293062832e-05,0.000253055343208094
979,3.85978401622605e-05,1.87235438608279e-05,0.000259456074115236
980,3.97975181371198e-05,1.85214973949313e-05,0.00024168302844993
981,3.93268532780814e-05,1.85274888779441e-05,0.000244303771430689
982,3.8089190237086e-05,1.87747793156351e-05,0.000261921695285804
983,3.76127989296716e-05,1.89711104620166e-05,0.000236262303182247
984,4.03376419450341e-05,1.83641583912794e-05,0.000236879792909104
985,3.99859912562669e-05,1.83687036256252e-05,0.00026124854387031
986,3.83414507290393e-05,1.8834766495244e-05,0.000268869936126724
987,3.78121811882672e-05,1.84892183654446e-05,0.000256624741871138
988,3.87449400883734e-05,1.86725531620263e-05,0.000246714810331673
989,3.86318043944943e-05,1.87407436406109e-05,0.000231763838657574
990,3.72652688538351e-05,1.88903503974402e-05,0.000234666674446566
991,3.69306978778353e-05,1.88172692035682e-05,0.000230971815762779
992,3.81053385728021e-05,1.85995314086289e-05,0.000240424907335448
993,3.73049009156736e-05,1.85194590910781e-05,0.00028114943136842
994,3.57190189549754e-05,1.86315018479582e-05,0.000234332798625337
995,3.5020547696773e-05,1.84612930674225e-05,0.000280962434475967
996,3.71011846549588e-05,1.877207605302e-05,0.000235700507105031
997,3.66528950869194e-05,1.84248581916122e-05,0.000258606751626242
998,3.52333682440284e-05,1.88249781567375e-05,0.000256625507845585
999,3.47645154207382e-05,1.87677110931332e-05,0.000270042738742278
1000,3.69176172649847e-05,1.86610751980813e-05,0.000245966416029113
1001,3.67859890248253e-05,1.86332754729994e-05,0.000265441736439371
1002,3.48099753919252e-05,1.86985033604328e-05,0.000239361311971848
1003,3.45495793582405e-05,1.86068234620017e-05,0.000270119933943204
1004,3.62849056736532e-05,1.85256163240769e-05,0.000261293412252359
1005,3.62777359699937e-05,1.8698980879549e-05,0.00026757270997274
1006,3.45040527242164e-05,1.88217911048974e-05,0.000228868387106733
1007,3.4311495721286e-05,1.8836671683236e-05,0.000242447124167417
1008,4.12007005536767e-05,1.84873539016333e-05,0.00024069708201842
1009,4.0408727380448e-05,1.84973692809353e-05,0.000263562731339511
1010,3.90502120373573e-05,1.85787125081852e-05,0.000238137786284314
1011,3.83449376962725e-05,1.84581336518322e-05,0.000245180326254303
1012,3.94880035076825e-05,1.88111990356674e-05,0.000230946927699516
1013,3.9090233003853e-05,1.83451037303649e-05,0.000237813041761402
1014,3.81625745211443e-05,1.87956962448264e-05,0.000234547660329027
1015,3.77196292957141e-05,1.86953754322923e-05,0.000256674411958097
1016,3.98063275865055e-05,1.8560851954984e-05,0.000246787228957519
1017,3.97016750352823e-05,1.8587839509565e-05,0.000268417453836675
1018,3.81554641932929e-05,1.86193058067018e-05,0.000228527230772242
1019,3.78445308485614e-05,1.84932347615155e-05,0.00025807049246362
1020,3.84687457469762e-05,1.8634954627156e-05,0.000241889555932932
1021,3.84673526294227e-05,1.87037542600641e-05,0.000262362184772988
1022,3.74164439308548e-05,1.87888963691168e-05,0.000232517584478818
1023,3.71776777455178e-05,1.87061612830918e-05,0.000217911860824729
